delegator,amount,since,delta
cosmos1zhwyfs8f8hjd50y28fcn05ew5d6mtz0v9tx5xg,2827589.53064,1615583713,0
cosmos1ymppl25sfgj3hc7w2az0h2mr737phcvfkr2gt4,1909639,1615583700,0
cosmos192rx0r7994fgh8wkqpt8j2wfg6nge7w8463f6f,1158177.346,1615583707,0
cosmos19dkpl43l668hjrrqjuxw4wwypnzgwaz0v8e8h8,571494.043,1615583700,0
cosmos15vd2gwjcnx7tuzl5ldxj2fshcgnr0h5k7uwesm,520,1635481580,0
cosmos10u4twvfv67lvlahjfc0hskhda5xsyrqf82rh42,367,1641574250,0
cosmos167qe5lr608du48lhrdc4ytyynv64aq6jcukxet,365.222661,1646190684,365.222661
cosmos192qk725vc5zc5n37xru5wrgpmyzs7luqcvkh7h,332,1624215939,0
cosmos12f46hg7847jemauvy33wlw5tstngm97veqjzvz,286.99375,1645180303,0
cosmos1z2wv4uvnq874ccm96psvdszmwphz2r8rm3ftan,250,1636730882,0
cosmos1qlkj7gnc54stpeu7y5hxxfmxnuyy8xamcetgze,230,1632321719,0
cosmos184d479nrj95rscydysgezslhegt0jgskyd6rgu,212.144766,1645906870,0
cosmos1592wlakssegnnthznupcp29n9gd3hjsfynhy00,200,1621880330,0
cosmos15kw6and2nxpg88cuc844vcla24suetpjctctcm,199,1630402402,0
cosmos1gqr7hwyl7lpmewk6mcg7uquldmt4qnnq4mnucr,180.19146,1640529941,0
cosmos1jxpztalf3skjftyrlf3tpd3c94g2nqkamcdg80,177,1635007900,0
cosmos1k70t33ja47jdakf3wqhcw6n60yq9lu60ex6se8,161.609912,1645789134,0
cosmos1xaq2l50mpjcg7a5cahzttef4pecjjx30adzulj,151.8,1616949341,0
cosmos104mlhyu7gm4mtp5qchvgjc4s9af0d4hkw37ytc,147.88521,1643059622,0
cosmos1n5jj9qz056jl2mvdddyk0z7kf00av8al0fzddm,109,1636383924,0
cosmos1n80vemgmex43j9ct2efhjngfe8cvdxkaqv3h49,104,1637476947,0
cosmos1s94dk7kt0ln63cfaec4hyxxrpkku2g4w2yrrfh,100.3025,1638518807,0
cosmos1mxn357menu366n3elhuqdde6ksgtd54tv2pm02,100.1,1631197599,0
cosmos1kyp42k6572e8wgv3nqjyyktj3v7ysvy5v94knz,100.044925,1642102314,0
cosmos1s3mg6q992442ljk64glyanllap0qqudl2ky3p2,100,1645869306,0
cosmos1024mx306xhy6q0s7f2gdqq097mecguwsfqrnkw,100,1646231369,100
cosmos1p73f7uuugneep55ecdunlfz2gzmk5ttc9hj0zs,100,1631632182,0
cosmos1ugjxe60xekqfmqk78mq4xuy5aajvay3gjt9a6p,99.99,1645103315,0
cosmos1qrqcyweaq02twse03k8acumcas8lr2wxen3hyq,99.86,1644243820,0
cosmos1pkapfgzpk93ydwd2kvy98urlr0xaaa6lc3mlyc,90.24854,1633336899,0
cosmos1m6dymuyc3p8pd9x25trpme5a084dk6v26l5mw5,87.324631,1641683186,0
cosmos1x4cx5r2kmu3ytl4drh50h7tns8zvctr5ajulxm,81.5,1643080275,0
cosmos1gn0jtr9a99cwnjkmh5amxwfp52jt72wj9lwyye,75,1631173469,0
cosmos12n9d9tnqxfyw4s6z6k2h8fa72qxszknv5y4t9c,73.215,1640688394,0
cosmos1yzd3nhz25qsl7xk5ku9u795mxe783e8p6yxrrj,69.9905,1644284903,0
cosmos1mkmje7x5azu5adw2veygkl2uux0lksqgzfr2pv,63,1620585018,0
cosmos1awejldvwxl00f6l8zg26308j6j8hhg4zd9vrf5,63,1620584939,0
cosmos1vp3w28eqv3xhsmnkksnwxx86x98prsp3msp592,60,1635194615,0
cosmos1c79vtjw88pwrp9gzlthd35rgxfmlz0urgvdn4d,59.524238,1643366193,0
cosmos1tszkr23jvu7grukfaf3ssu5tjy8y7mzxhugc27,55,1637202498,0
cosmos1z85c79qchfen0m88j293nv3wtll4rumqvpu6gt,52.48375,1640679565,0
cosmos16955nf6gxapv3t9sm47kleg5c3kdh4w2n47h6z,52.076193,1640468242,0
cosmos1jn3jjday2sskp22zclu0rl0gz8acjn2x3pfj2r,50.5,1641381271,0
cosmos1te058u2x3cyqlmfh4earnhjz5v0ttdrh8zru7h,50,1645899045,0
cosmos15aycanmnjx29pyh8y6sldn2j79vlt7lts3sky3,50,1645215264,0
cosmos1hgfumdhn3rfg6u0cytaadnmus0sxs57j9vvnyc,50,1643857902,0
cosmos1rtj0rxtsz5248sm8y6afslsxnawj9dupvv4ulz,50,1637361331,0
cosmos13rdeuu2e592mjs7exe39murfgzj4tes6vrxxa9,50,1638852229,0
cosmos1p7lqcd7s7qz6d0sp7jc42xx8nl2edr945e67dw,49.89375,1641817398,0
cosmos1slejnp5skjh6w8vuazqkp05m0vszdvs3yfxzwh,49.883799,1632286272,0
cosmos1x550nqtktlyyevfv94nw85r57mf2l925jzsw7a,46.438188,1645120124,0
cosmos1pnds25qpj5p235lhekq3cttgkzdsasalc9xk5m,41.8,1636835788,0
cosmos1n60vf6k5hf298phulxmaa072skssgy2axt42p9,40.492924,1627715715,0
cosmos1h9xlhsfyau9x266qgmmzm8rnapp49mg9yvlyu7,39.912091,1643922357,0
cosmos185w83gfcka5qn544altc6qgj8m9nd3g9yxjgks,39.884073,1620909593,0
cosmos1ygc3llm9emmlldtuk4jr09qjpuyg73ck7dxptw,38.662456,1643743332,0
cosmos1c0gd89kgyrcaf3lrc9ck44yk48mwy6arvt4379,38.245377,1616270346,0
cosmos1r480mkkqugedqe0u8daknxews37e8uc975hxyx,38,1633482413,0
cosmos1rgqcl54ww2auas8ca8hermpwvyd9ztr2aezy2v,34,1646065461,0
cosmos1chu3nneh4fsya6et893mm8nxv2psy5x6uf3hc8,33,1642238799,0
cosmos1665clynlseyqr6htrqac5hfw9evj4ta50y7wh2,31.60774,1625353403,0
cosmos1l443rdpt7arjp50vvfyte3rct4t2xq6he56q9y,31,1632652084,-70
cosmos1jkyn66hyg2wpqz7m89jdgp7gl34quzfla8xc47,30.717936,1627100902,0
cosmos1n2093lz7fmhd3e9n27thk0fs7zydr8tw5f6xrs,30,1646234837,30
cosmos15lrefpmjgmean7u7xn9wzvszalfxcmzxddhasa,30,1645933047,0
cosmos1ssu65vdunum4q7stec34ff3ftkwg34zt07e0gz,30,1632752341,0
cosmos17mxl6m99ndj5j9ks657n3guwegt8la3tuaqpn5,29.9,1632818170,0
cosmos180kez6hla0jvr8sd86f5z5u588yxje3kjjsf5a,25,1644097124,0
cosmos1d79gcwc6k8ned68wmfv4npxvlgtf9yuwez7kw9,25,1645302489,0
cosmos1exlhpu6u4l4se0s8j908czuc56zgksgmt585h5,25,1642171923,0
cosmos1n2ql4q87v3l9dawa7xsxzca2gwu5rq3zrpkjqh,23.5,1622603508,0
cosmos1wvnuu9tc2lazhjc99gm6re00d53vz25a3k2z00,22,1629989905,0
cosmos1gm9ku9v0zkm5gnldu4g3ne7ceugza7kwden0al,21,1636781821,0
cosmos12ac7z8rdn9ghlsaq8sj9canvcdv498gscufg0l,20.293856,1642999836,0
cosmos1m7ktpvldzn6wne7s6pueu7600d3qjnj2m8flql,20,1633456169,0
cosmos1x0hjtpeadkzpyekj8pgeflfh4f696t7nas74dr,20,1633327984,0
cosmos1dv8w6zl9jkw97jpfk32sk6eaq4ktn9kyagnl8a,20,1631492609,0
cosmos1y4e0d9hg3m528ek62l0w0ffjrgac2wv05a9jvs,20,1638623018,0
cosmos16dsf9d9qvcv9wte932ejdqkfccjx2qex2dv4ca,20,1632181892,0
cosmos16rw3mkce64xgeyf950caze7ampk4gv35ungtqn,20,1636038927,0
cosmos1uujmtqcfempdqjjgc6nakr2vyenmmc55geky52,20,1624901044,0
cosmos1y4e0d9hg3m528ek62l0w0ffjrgac2wv05a9jvs,20,1638623018,0
cosmos1ls4qmfpfx4ndfhjnsppve5mt3jvxjnl987gjyq,19.47418,1644068148,0
cosmos1zjef84tw8rl5z09dpxnvx9v56najtq8htsvxql,19.14278,1632681888,0
cosmos1za34x4r5fq8jmuk6gvsufx5pt5vz2hltqs4rhs,18.395648,1644376643,0
cosmos1jrs5d334nluvm8c8kvq9fza9pplvjkwszt4zfl,18,1618178188,0
cosmos1jkm7f6rjwm4mwq6ru8snyyzyfk6vg0x0axv8m8,17.696057,1616038704,0
cosmos1333nezercyxhpfn6mruaj7uflp4n372wssljdn,17,1616528074,0
cosmos1cp9m9xg09fugxgzpznucl64d4ptp2ujtg3lz4k,16.3,1642712820,0
cosmos14fxr4yckqfzmu89309az63nets4d04g23cy7s0,16,1632682666,0
cosmos10dwpdyegehff78zr4zuea86xwxvcua4cjdqrtc,16,1638036753,0
cosmos14yf4e9yfy6kuhvjhjtkrk28c6kweatq8ns5992,16,1641375463,0
cosmos1e8eagqswqy7nnfdzar8x5a253xqju9kgtufdt3,15.01,1644602271,0
cosmos1zt9ewlc2j5pu7aemehc9uw26z6xg2sr5yckk0k,15,1643348985,0
cosmos1qae9mc3ycz83wmvxgwjjht8rhe8ke7d4vk9qz9,15,1641542951,0
cosmos160djsg934vkad9jfdh36lt6k9ev949q5wvk40l,15,1645648639,0
cosmos1ecq8nfzpn964w30c54gw004fkm3he4jqff9ghp,15,1635349616,0
cosmos17rqcyvf0dmnz3s7cuql0lnswvkqqz4r7msspmp,14,1617327819,0
cosmos14x0749zqcf3a9j984g2lkpeamhmwmcn4ns4e6k,13,1629325351,0
cosmos1x3edpa4wuzn7fvu58hvwjq9kfr955caastuxp9,12.769729,1625194222,0
cosmos1hf9ymrsjqkr5rga5k6dgjsrl5gp8t8zazqcqrq,12.506183,1626280662,0
cosmos1hr7jlsqga9kgagqfywpsz9e8f89jksu0cjzmym,12,1634517808,0
cosmos17304ku5628k0jz9nhtzcv7tzef6f357cnmlp0j,12,1630428226,0
cosmos1s99q7f9xywqyef4qxmsuuujms3nra3fa298qtg,11.908356,1641329093,0
cosmos1kskm9tcz8lrutzrryuqcwh7ypw79czjlgazm3l,11.763311,1643037860,0
cosmos13l775ggq7fucctpgyrrs4qz8g475e9w5dtfssz,11.5,1631893900,0
cosmos148ds6gdn8p238npcms6xmxlsx6mypjvth5qwye,11,1638596099,0
cosmos15pk7stj9sxpvs6yvr4ume3m3zj9v45j9ajq9qw,11,1641424127,0
cosmos1zd6uyejyzfjz682zhe46exvl4et4rlspl9t02s,11,1641350090,0
cosmos1ll8fs46rjelkxzffetvs0ju7cgrfcc36l052ss,11,1632600975,0
cosmos1rd86vfy78psgg5l08ncughsz3fe02kavctfy4r,11,1642340465,0
cosmos15daxxgh6ydl9t9ftsk56lg2z8nwlgr0qtl9x3r,11,1635243535,0
cosmos1u0gk50l5p5emt2c5lzzlwuldsztzt2dw9kl03n,10.8,1633208385,0
cosmos13cxfdzuwhvym6h8usj7muq4h2x7wkfmhfu8pel,10.609064,1638039955,0
cosmos15ygghq3f52q2gm3cp49xs5u0wa7qu8xwng574c,10.607,1615806112,0
cosmos1jdete04wkp8m8wr0pun8jdkyk5cyg3qvuttqlq,10.2,1641357433,0
cosmos1x2ajxuc9sg7rmp2vgd7l8ajmp38zl54vvdk0e6,10.1,1645153271,0
cosmos134v33ldjx29v57rpts7n9zw5l55mu3hz4m22jp,10.1,1636793782,0
cosmos1d2hhw7geludk5fjjtzy3fvxqqw9u8cnlq766kp,10.1,1637143494,0
cosmos195e4s3urtdfdqf6fged8k04tg8m9fjp5mns059,10.1,1645153312,0
cosmos1x2ajxuc9sg7rmp2vgd7l8ajmp38zl54vvdk0e6,10.1,1645153271,0
cosmos1djpa8drqem7u9vn706pkruphvgkpytfm0nzpwe,10.08875,1641451852,0
cosmos1m6085786n2t22z234a45wze5wvwy652pj8sk9x,10.01,1642240893,0
cosmos13vr5zmltzgqydcjy5ajtk9ff9zxm8wv6rnjysy,10.01,1641359759,0
cosmos1s3fp29qtuj63r9nx7smq2u639gph0e430kgtx3,10.00375,1644241156,0
cosmos1kykk6gzprh02sju602qyddzld22zzfdvxe0p8z,10.00225,1645499019,0
cosmos1e0qfqprxyvpshrpd96hp8ahfmmfe62t9qm7afk,10,1636030829,0
cosmos1vcpnt3d4rfdenakwzw77l02l4gvcpmutvnvkzz,10,1645119146,0
cosmos1w7kh7wzlmv63r8yfujwleyn8qurwa584x9sf6z,10,1634769069,0
cosmos1f0lsls86yhruk08nlsndxd4m09lf5tutkk6350,10,1641520287,0
cosmos10tunguxes77mvc7nrz8t5lwwtx4jaq0exsphme,10,1641615922,0
cosmos16rjddrvntys54f8z75z0l3u9kmnyyskxea4mzx,10,1631125789,0
cosmos1y78j7psd4pnr8ausdfhczyvfesdz3z6a5exr2l,10,1629751602,0
cosmos1gm5wv6tupd0fyartgld58gm569y3ydjvvtflfu,10,1646122290,10
cosmos1eutgdswe3akfqjsnq2c70hkvwrx77w80s77zzh,10,1645119346,0
cosmos1ctz4y5x7d08arvyp3c2pz4fs85g70czw82u5tp,10,1616003017,0
cosmos1z7sveuh8q09nex7ufq4sks7hrtkwcxt3ze7ft3,10,1640992133,0
cosmos1jedm50nhztsec5lw6f32agkv7e8j0vemlz8suv,10,1642086072,0
cosmos1d706g6r6j66qzveqqg9g56fll8nxd0waay6anu,10,1642767382,0
cosmos1vv6g6jqxv3f04ly6dafk9keppmvhfzh8e98dkf,10,1636693984,0
cosmos1sc0ezp9e5nu3f99ckk2pz378jk4tl8c8wl8xse,10,1636147318,0
cosmos10kc5fcz4d04wj2ttjj99f6fv8fk7unvmj4d72m,10,1645411622,0
cosmos1ywawzm6cuedn5s2smhqmplahy48dgm08sq6zms,10,1616624954,0
cosmos1vv6g6jqxv3f04ly6dafk9keppmvhfzh8e98dkf,10,1636693984,0
cosmos10ltfttn2r9p4duparhj7h25zuhnezfh8tq9u9x,10,1644911357,0
cosmos1gutjzyfyhmzh6ex8u69qk7zuzgxqh5nuxveust,10,1632278595,0
cosmos13sdyejga692lufp74ehn3782xs9p3qtgjgcfr9,10,1643209530,0
cosmos1367n2h2pzk4mchu475ydgw5k758q4mn2fedck9,10,1645887586,0
cosmos1y78j7psd4pnr8ausdfhczyvfesdz3z6a5exr2l,10,1629751602,0
cosmos1t6jt4xp0uufeqevnhq48wwzv2w0m46d569hdrv,10,1636584315,0
cosmos1gjqrmxppg8g60zkmg2p56wq0mrrl4yf2fwda3f,10,1642081967,0
cosmos1jedm50nhztsec5lw6f32agkv7e8j0vemlz8suv,10,1642086072,0
cosmos1w7kh7wzlmv63r8yfujwleyn8qurwa584x9sf6z,10,1634769069,0
cosmos1du5cded2el25jrsc98mcna056ux0ecmhnn3al2,10,1642086017,0
cosmos12j22warqkwq6vqza7xzge8phqfvgpwdmzwtxgu,10,1642404342,0
cosmos1p7axlvr9znyec2jzzdw3ld3qxh4t2rnpr45ezf,10,1641391058,0
cosmos1xdjtskx3dxkzf7afdm4rwy6zkjmsnpjrgvakun,10,1632549171,0
cosmos1d706g6r6j66qzveqqg9g56fll8nxd0waay6anu,10,1642767382,0
cosmos1jqg7cczwq76h7jksvegc7dkjfs80fz4zzvzxwl,10,1615742877,0
cosmos1jyj3znn4c9l5zl58sjrx3ja4k972ruvjtd9urc,10,1641721148,0
cosmos1sc0ezp9e5nu3f99ckk2pz378jk4tl8c8wl8xse,10,1636147318,0
cosmos1s37n8c7q49rzmx6xqy89kvmjf2kffv6336mnpj,10,1637082332,0
cosmos1jyj3znn4c9l5zl58sjrx3ja4k972ruvjtd9urc,10,1641721148,0
cosmos1vcpnt3d4rfdenakwzw77l02l4gvcpmutvnvkzz,10,1645119146,0
cosmos1ntjschetf0vg9333c8sz2unkwxc9xeq79z7wv0,10,1635173325,0
cosmos1eutgdswe3akfqjsnq2c70hkvwrx77w80s77zzh,10,1645119346,0
cosmos15gtptlgen6zvhj5kfeth7cy6w3w3mpz6enp9r4,9.998,1641814131,0
cosmos1hcsr7jftf8yuf7srv272ure5nqg9g5laa8mcg3,9.9,1629449719,0
cosmos15metfynx0rgqg078n33gtnatrqyextm7qhmyrv,9.8,1639882942,0
cosmos1ry4wj5cmxdey23eanth9fgtavrte53vtxrzum6,9.740816,1642728834,0
cosmos1r0l233r49nmtaumfdtr0072znmx557c4qcp3qq,9.358865,1623191983,0
cosmos1w5j9s7gylh0xde6tnsqs6ulw474h9zh3738srr,9.2,1645594194,0
cosmos1afh5mrf5xx7ed9c8wvw46qyyqjcxssuc2f6hx3,9.1,1636953349,0
cosmos1w4w6thpyw90hj276e0gwcx6kc55768fa72dapl,9,1634038368,0
cosmos15w5dqj7paqaeq03k0g8kn3lhg8f5ect3wm3hkp,9,1632600542,0
cosmos1f8r7uetn0qvnd7athurq5h89lkps89mjdc7ndq,9,1634037403,0
cosmos19whcu39gvjvu3g5s5z3yqefdyqchtgs8cusmfw,8.861359,1642465534,0
cosmos1mdjmt4wwhnld6dunnn4ma3cp3vlx065mhls8u6,8.8,1628995090,0
cosmos1840uw6m2vp6cxcstle4xkvsgl53mzmy6lvh4dl,8.67,1641648072,0
cosmos1y4h65x4uhp26cnv4c5yz0rs5rwlv8aw92m9xmu,8.360322,1638659000,0
cosmos1c6x5nfmehryedc5h2ynjflsns9aj8v5mcnumze,8,1631706203,0
cosmos1djw59y6eulrqtrmhc8h28k6ay3w5jypt2fqyuw,8,1635062386,0
cosmos1g29tygfw3j5vptdzfarsrwuy0jw7kw2u7d25ce,8,1632348035,0
cosmos13k4a9q7d903mxh7ps9wp65skpvnp333am943q3,8,1641572724,0
cosmos124zc8l935u6sa0tsh4qef3wft2v99kxrw29aul,8,1638690829,0
cosmos1cszm0uwx54642pxhuqxqqaxndj3pa6k0rhex0z,7.99375,1641389255,0
cosmos13ck0xw8vc9nd73g40rq7rtrdytf5ackve4qxgr,7.876484,1622897187,0
cosmos1eusuptvtzvld0dmmg5qwzjnpenlzg0xxhjsdhh,7.7,1645278624,0
cosmos1q0e29r9acrhwqyfp9xzjxfafy0wdxekrftn5e8,7.5,1645603377,0
cosmos1n9wmwvdqgqm0nyl7t6l59up0j0djl8rmzauucp,7.4,1629593268,0
cosmos1su9jz4f6cuxefc5306dy5tmzfeg9d8eakrn04s,7.4,1634487640,0
cosmos1qn678y4gqj4w7c735vt0r0xrup76rt9clu7n8y,7.2,1636948079,0
cosmos1mjjmhd53a88pvvm7ufwkk70crwuk2t6lhxjzvz,7,1644300900,0
cosmos19l7mtv0p0qz460skksyxmmtwru6ka98wtm2y0d,6.5,1636944471,0
cosmos1dzsuuarv7tqvzwyw5ldpnk8pg0drtnjzznkxz3,6.49835,1646213012,6.49835
cosmos1054mrsaqs506sel4m096dmg3aq8m95958nj5jt,6.48975,1641304212,0
cosmos1pjs3326g8nkaay9lk3na2t09fa7swlfcuaqnqu,6.433757,1625409718,0
cosmos177as2zyvx54tv9jf69qnhdavguzlj793tsx9a5,6.423196,1635227812,0
cosmos13rpeu49m4tp2f4f94r0ydq3nh8m360aj8n5kaz,6.4,1636989079,0
cosmos1n6sza4pychpnz9rjfm7kg3t9ppqum9n8ekmkxe,6.25,1615680782,0
cosmos1sqh0s9nrjhgvyh022yx259y5pn75jcl5vsuq9s,6.1,1631374718,0
cosmos1zfh4gtskm8xktzfmnm4stjgvqhls0l6xsg4jhg,6,1636557992,0
cosmos16ld2llr2j59ulr73082fk8cc96chxmzuypa2h2,6,1629527082,0
cosmos1p9fu7z0u30mps6jd7q3y3sqxeeqqy66yaz2frd,6,1637478066,0
cosmos1un0njxlgydlgkepxy20fd98p0yc34psdxjunza,6,1635525806,0
cosmos1tderc50fnyzjj7xfq30k64txv2a0g6fgvg8qgj,6,1643893196,0
cosmos1v5w6hyc242t99fq5325tcj7hq9pn4hq7q6krp2,6,1632730466,0
cosmos1sntx5sf6w933f8pytpr2dh9sxns0u23m2h0sdh,6,1644175441,0
cosmos1enyn5d9j0vsdlylwvqu36v752dhyslynrhhyy6,6,1632727163,0
cosmos1p6upp7ydmvqzywlnreh4qnzfjmdrj7fywfuku3,6,1637704486,0
cosmos177fkjhlj32s7sqsm46e90uzqjnmecrqejljgls,6,1637052836,0
cosmos1umx22am6sr3w60tf5qmvepyfl7h8q0397qjxys,6,1645875880,0
cosmos1x58mkpx86ch4llddpf0cu9c8gdj0ry2kmp6wns,5.9,1642929653,0
cosmos1ssaegmlzdu77hzlvw5fu3d54gg0rwajq52czjj,5.875322,1637114829,0
cosmos10h4pv7e8h5uugl9pn8mysk7uadfp3w68mnw6wh,5.84475,1644311193,0
cosmos1mnkgh4t57ua2ey98q7w2cfkp6kuhr8cqe7525k,5.793199,1645836157,0
cosmos1h7m5q0q2jvut2rrn4r02dhv67hrrrf7srejdwf,5.792357,1645564420,0
cosmos1p5ce8fes93qtfprtxdmcnelsjf7mp93g7tuxtq,5.7547,1642358627,0
cosmos15avucepxutg7jahgpzt3jqmuhsxcqr84zz9lp2,5.65,1632322216,0
cosmos1mu9at7aast7ahc8kxegps2p4v0n97vnmqkfach,5.583199,1645639588,0
cosmos1dwmmmstfcpaj2tje26nt08uynwa2m0067e8txy,5.541899,1644689369,0
cosmos1flakdd4mq5vrc85jxv3w4474ak25fsm4srykf3,5.5,1645127933,0
cosmos14s3vdyu75sejfj4rr0hettvrvva4fh6kfew0nu,5.5,1636284416,0
cosmos1rykfnnpd3ud2c2vscfwqtlqnmf383c3w5hwj4a,5.5,1644295970,0
cosmos17z7ha8267hwwexx67nl5dpm9ew04wm88kasfd6,5.5,1639005022,0
cosmos16xe2xlesachq89ws7fh7peugxv8tkes04q9z37,5.47739,1646124379,5.47739
cosmos15w9u24a9sm92yjzwh24arwd3v5hp77fdr75ufj,5.477,1637364618,0
cosmos1ywvs62cwucj6s7du0xdky8t8wlg8gd5x2g0qr6,5.426252,1645889109,0
cosmos1unj49ldj8hf6jx8sautrs7c25utj5thxq0984a,5.4,1645029373,0
cosmos1gs7wmqat9htwa3nypmpzl778m36f4t9m0m8j6a,5.3,1635901959,0
cosmos1va3nl4wup8zexwysug2pkuu4htgcn78qta9rwh,5.2,1645861699,0
cosmos1ejdqf2k62sf3ssjrys2r79pmdt6kpt5rsq9acq,5.2,1630427364,0
cosmos1856mterrqagdj3w38u2zrg93849v0ey3jkgnfk,5.15,1633593144,0
cosmos1044y9xwd5j042xtazl0ajt0qc2jjv58wjdhjhs,5.13089,1618407585,0
cosmos12ln63ds79aanqtkaszyn7jzvdxmuvtyffuw3m5,5.1,1630217347,0
cosmos1tuzqkaks4n6qhtpmk7u0tm3ch90rvmgs5m7qev,5.1,1634102822,0
cosmos1hd7zvtd9ypmu289mjan3ydg4zcc868dzpjznfl,5.1,1636597870,0
cosmos1kcgjxr9f77v633v9w70fhfp9k6y3qr4v4jpgnt,5.1,1635215563,0
cosmos17apmn9u3ngf2mm4kwtlrx7h65ugmgt0zjk4zmx,5.1,1640095420,0
cosmos1yx2gzcwvf6qq6fszwv8gmglxghf7ehd7z5zq94,5.1,1629528474,0
cosmos17apmn9u3ngf2mm4kwtlrx7h65ugmgt0zjk4zmx,5.1,1640095420,0
cosmos1va0cfns6g6zq85gkcvwla3g8ssd2edlc3c9y4h,5.1,1637304036,0
cosmos1m3flfqhj8tc66cdwsdkvp65nxe6fc4cksu9ak9,5.1,1630215034,0
cosmos1asqftxmpd98kpttsphcwx6sy2huqaywklvkg2m,5.1,1639734662,0
cosmos1xjka3nlstycdnwyu9ext7gl9rc0j6hdumkufh0,5.1,1644451101,0
cosmos16ht97u3w3nxgn8mp6qs5hzpyquheppgmvy9ant,5.1,1641296103,0
cosmos1ajerxfazmyg4v585ehpgc4vwqx99nafjkkhq3v,5.0915,1624292530,0
cosmos1a28vesrpw5mhvw6k9d6tn8d84f7ttdxu60ymg6,5.05,1646229872,5.05
cosmos1lulxjt6t003mu8fcmn50skld8308zaqdzy2qn7,5.0259,1641813560,0
cosmos18plxad6wpxqz96j7lpmq3deu9relvz9yvhm77v,5.01,1639222889,0
cosmos1zky268lr2efvj069vjyy0xlvptxa7lk8ym9d8w,5.01,1643547628,0
cosmos1kfvfssqfwf26melucewvtm0rz3v0qhj6uwa6ed,5.01,1634129587,0
cosmos1cenv7rpv7xnnklkf2lc00mmddxmrgj93at9u55,5.01,1641732961,0
cosmos140jwhqfewtxvsnlg6wq9tczzhz86x96ung4uqf,5.01,1629724078,0
cosmos1tmyuq0patn6wczsvc04j3h3mwx9sqvlv8ape9f,5.01,1632312790,0
cosmos19duuepgkj5twdhwmp4hxh8mqktsqmez6344sq4,5.01,1642478887,0
cosmos1zw3cfl4m3qndawdyp3w9m72d00lzd4004550x0,5.01,1629449663,0
cosmos1393e8nnrkaphg8ln36rpwfumn24ce7vfqg52qv,5.01,1636648721,0
cosmos1leud99465jdxjgy0wq9zmuhmr8lmycseu8qaea,5.0001,1630736297,0
cosmos14a4p8ga9emtjpxcnp8av7nt9jj9jsr70qkf9ud,5,1644419417,0
cosmos16cp43rfey4zd4heykt4atj07vtqh4qztslece7,5,1632975191,0
cosmos17m0ray74qyy66lpgqktm3y8h2dt3t7r339jmj5,5,1644648814,0
cosmos1teprncv3zufxtyezntx5qs424sumgcahtkk49v,5,1644241416,0
cosmos10qhf9xe2c3994nw8dgm46mrgprm44jfpuqgsh5,5,1633799198,0
cosmos1wl05ezs0tyrlqqflp0q28uujrfqlkudndjhkl2,5,1635596707,0
cosmos1t3nn3e4f8yc2fx4s850y85zxeadvtpgvrlpf3e,5,1635032569,0
cosmos14q7ayjhf3nywf2ler3xkpj3650a0yjpn77hnv6,5,1629528009,0
cosmos1t2uk89n8rjh25v6hxtu92w82sf5ngqhctxz222,5,1629470997,0
cosmos183as3nk3havgez6yen0cq635cxz95y39peh058,5,1633996417,0
cosmos15af7f2x9eqevldc0v0fdg3rk7kf4dylmtj3jeq,5,1629723861,0
cosmos1tra8ndsfnsexj7pt0x7mupaultatvffpn0x5x0,5,1641893952,0
cosmos1czacs6xrjh70lngmqqt5vce9snwtewgc3g4tm3,5,1637060871,0
cosmos1fj537gk7lst9p4nv0rgv5t2lx4zckfyjz4dtjq,5,1644343460,0
cosmos106mshf5nce6uzs4j0eurnsycs4jje5nt0kht4v,5,1636448185,0
cosmos17trx9awyu5twys5s43qxjlhx4lvywyfytngde9,5,1642683681,0
cosmos1vud2zqrexsdq6xy9gr9n40qpu69sr3rswvrrqr,5,1643043458,0
cosmos1u8xt3g0zlkh4fnv0x8azkahrpv57hj2guxv0uq,5,1629477038,0
cosmos1c7xzew7v3wv8wg30267t9qp58qas5tehyfdnc6,5,1644095892,0
cosmos1ss92z4zxkhqf5ecxzsh0p2c7tyzsvr6jqk3d48,5,1643082095,0
cosmos1ncufzng2vj6sxl7rferqympchq2ux3dgjq988w,5,1637251566,0
cosmos1ss92z4zxkhqf5ecxzsh0p2c7tyzsvr6jqk3d48,5,1643082095,0
cosmos1nm0t3vshz4twy8a68vg8h6xdt9fgnah99y0qje,5,1639283211,0
cosmos1jmjdw6zkq8mwffm9f6l7rfm5ffdg8awq5kj4v9,5,1639731457,0
cosmos1ckw98djl73qel84mn3g4gqyzgen6cslme4ladd,5,1637399421,0
cosmos1vhyqz95vsq0j3k7575vqef47f5avvqntadd6z0,5,1645168182,0
cosmos1qlpkf6c7ml87rvlu09qjgfuwfh66u9y9nw8gwn,5,1642340839,0
cosmos10t5y53ndq9rx8dzyms4gnvemf5wq5cx04da5xj,5,1631458357,0
cosmos1fuqrv5p3fc2rdu4s27ket6krk9q2qge8fsw6dj,5,1645463455,0
cosmos1ph2w4xjn5vt5308jg9smwzwpxjyxvlwjdza80k,5,1645381222,0
cosmos1eh0aq5zu2w4pr0slsp5q4kh9zrxayu5kpelswx,5,1618265907,0
cosmos1mfumk8zvphf4ge07l7g2s3jrgfhwskjq0ll56k,5,1642505872,0
cosmos1c7xzew7v3wv8wg30267t9qp58qas5tehyfdnc6,5,1644095892,0
cosmos1z5ntcapah9epx47c6tqh8wvtfe5h9rl3m2u9ma,5,1642510552,0
cosmos18pv8vt5mnlgqkdremvlv6yf964q4zd2kj8y5zs,5,1645625232,0
cosmos1egy8t5w9kp8hnz3wrndd382xl5ced9ft7qa7fe,5,1617927918,0
cosmos1q9nd42zujz60z0un07vls04dvafjrx5ap4e8hm,5,1642506188,0
cosmos1wxeqquwvmnm5h0whs2q7qkep6d92wamvk5unt6,5,1639734229,0
cosmos10qhf9xe2c3994nw8dgm46mrgprm44jfpuqgsh5,5,1633799198,0
cosmos1cadzhtvtn42w443x80zpmy0rau3g52lkn5nwap,5,1632288101,0
cosmos1t8najn9ma9jkqafmsynzu90lmcum0me3vvx69d,5,1643921862,0
cosmos1vud2zqrexsdq6xy9gr9n40qpu69sr3rswvrrqr,5,1643043458,0
cosmos1c9ksktamcvsvav7fxn0xulzuvvnqzkgn7keckz,5,1646204590,5
cosmos1t6852hwerh7ekesal0tkr4g4fx0783la039r5c,5,1637626119,0
cosmos1cp5jvveqn3yf3gjuj52ldwh70pfaclkh03cfyd,5,1642342245,0
cosmos16cp43rfey4zd4heykt4atj07vtqh4qztslece7,5,1632975191,0
cosmos1245yqr6879qt02lpnkfln5ff8pl82sh2esfprw,5,1637088002,0
cosmos1fj537gk7lst9p4nv0rgv5t2lx4zckfyjz4dtjq,5,1644343460,0
cosmos1ckw98djl73qel84mn3g4gqyzgen6cslme4ladd,5,1637399421,0
cosmos1eh0aq5zu2w4pr0slsp5q4kh9zrxayu5kpelswx,5,1618265907,0
cosmos1dh9ezftxw6qxjmkr8s4skuxtcs3zskw6huwud6,5,1639233601,0
cosmos16ag3ap5jr6tccq6uhfyjvwtsny0095ezhnlme7,4.988698,1645382922,0
cosmos12cu8acwfdr3lad2dwmfht449yjfm6n9lg64jl3,4.983589,1619043974,0
cosmos1vxtcjzcjytjjy2pgn5whf7w7fzthxduvqq9nme,4.8,1633412736,0
cosmos1pktncvpq4q6faskh60h8meanxr0yklx67xfm5e,4.77,1629948459,0
cosmos16qq7vls4mvt927pjp0undh49facgzdl5qzs0ye,4.718857,1616165078,0
cosmos1h7cmse0776nnucd9ntspxlrpnp6w033e38la4d,4.6,1642823220,0
cosmos1h9unn5ggpfs0kyfgx9j4gy4u2ftldk4cftdt4c,4.526703,1643958748,0
cosmos1xq5axj5lwr8v0vwmwyueef2vzuczg5yav45xjp,4.5221,1642180384,0
cosmos128fwhmcsd2525lmlk2vc3cc9jup4weyjccuwq8,4.5,1617123020,0
cosmos1xyaxul9a2l6w2enwxf3gvrd7vv2ty02r9c4532,4.1,1639269653,0
cosmos13uet4npy6ndxrac4mfkak77wjf2cuaae69ah6q,4.044501,1645587329,0.560848
cosmos1m4sv6av7epd5qgkhtd925402x5t7lk0qwl35mj,4,1623223248,0
cosmos1x7t6dag8x4cf059jnq3qf3t7wj9g870csr0urf,4,1621860618,0
cosmos1h7n869hzgm3glxymetnfgjj26qc4q7dvyklf22,4,1644306609,0
cosmos16f9mrhck5hcy6ggjrwce35aysmc7p8vauhprmm,4,1641402232,0
cosmos1f853letk4ryfghh7a3tgga02zk8j7yrcm8s9et,4,1618104418,0
cosmos1yurn9g437g8mty7qrxs3jk92gvytkp2zgfnt74,4,1644951255,0
cosmos1rrt06vazaewf0jjqr89cp0vk0yysxgv5u38qua,4,1637372295,0
cosmos1f7l4zypwtvjpal8rvmkxqhhe0k6z7qpvtqfefx,4,1631360344,0
cosmos1npa89x4tt5c5qpekzr5lwg9wnfmahvpukc6fzv,4,1645580839,0
cosmos1jhthz76xx4fcgwluq6m3gwwf4ae5cvwfe6xsar,3.900738,1636220576,0
cosmos13x6wlxxzqpgu00dalkd8rz4wwy62mewfwdl0a9,3.79,1630641052,0
cosmos1axkfegs7krqaaa9hamc9xcwg0qu224ckyts9zm,3.768126,1642442352,0
cosmos1xkglvxs8rpg6a4pwlvqyrsx98q7tz59gpmzde7,3.703815,1632669918,0
cosmos1rhnanlfvypf2unjeyu53g9rw6gs0rhrzsm86du,3.5692,1641401876,0
cosmos1ppze5uuv9s9et7f4wz4pancd9umxtf20luchm8,3.422279,1620627299,0
cosmos1kmrmxq0x8hzwfmmc5erq57jvlkux5qf78qgmk2,3.371724,1627408183,0
cosmos1vt3a25wx3gxwjcx7svkpdzvx38hdvrxsu3pema,3.3,1641561847,0
cosmos1g75rdktg656t4v663yeted2n45z5cwysnqey2s,3.222963,1645360379,0
cosmos144u3p83eprutlxp6x8pg60g28p8prerz58j7ag,3.2,1643503804,0
cosmos185cw6gyud9rknqtpmeyuwgz70hyydsd7m9x6jd,3.134583,1641308358,0
cosmos1ygvjf8pfguws8crgl59k9n8w0zh7ajevgapgzd,3,1642412560,0
cosmos1n6qvvvh0wdhnnnlk4nzglktunxxakvuluy5vnk,3,1616797960,0
cosmos1v2ytakyw3nlj6yuuc4z2rwcwwszwefnawk30n7,3,1639076548,0
cosmos1t9je80jpgxyshujrn2m2e2gq5se6gv0penyj8q,3,1645860120,0
cosmos1nsdmdyrrlzxtp8r4xtn5g42574z585d7rqcpyj,3,1643073455,0
cosmos10l9xelxj9dzp2sjaehxkhmrjvs455vlgy2r64z,3,1635024823,0
cosmos1ddv6l2608y66jse36m527j837sz8pvkyz6slsp,3,1634987388,0
cosmos18z8yudfdmzd5n47f5a63fhtmqaepegezrshzrz,3,1625345474,0
cosmos1jvqvprkms9zladhsvhj77ecehusp97repf9asd,3,1637181981,0
cosmos1trevdnc7vgqrw7s0x0hcyz29ydy9uf3r97qhqx,3,1637543533,0
cosmos1kny5tgjtxg5038kwgm0er3wx5dsfus8tdhft88,3,1641299479,0
cosmos1uxn39t00sezfpzmhv2r7s97ctagtgadrtuvkzy,3,1644555588,0
cosmos10jv3pa7s6x0wu4fvxgcx2p7nztex0tn8d5cvq7,3,1633187981,0
cosmos1qhumg0nc2jzq0fsjuv9ws7m3na88we4qxxk73a,3,1643353492,0
cosmos144dhvtw6hux0rzdesqs3mrqay2hvmrv445xr6d,2.902175,1643554275,0
cosmos13pu5emzk7nkz0vysf7tc87zvhfdxlq6qaqr6au,2.858287,1641388569,0
cosmos10rs873mzl0va6jdql3yghqag5ywfr8yatn2x3e,2.708,1632734363,0
cosmos1zky2z5v07v9gu0vnuryvxf9q6hwwp359f2pm6c,2.7,1642521494,0
cosmos1m9krlzk6qlj90w94xvlrsyw3rvxu3gdnweamhq,2.554152,1635280807,0
cosmos1wg0d44cx0g9nmhze78fd8z5x3nkpmel3349j3k,2.5,1637825171,0
cosmos1hsvaaz7ykejwqynkc0uesj4jdzqzrxlkv2qwef,2.5,1633355723,0
cosmos1t4n0gv7c3cl0gxrkj3dffrxrjqtse0qar0aa47,2.5,1641401518,0
cosmos1e0dztftych4ff6n54dgh3mg0lhpqkunkama4fy,2.5,1646088552,0
cosmos1pzrdynsadyfu0mk0erpyw2wzzwpy5zt6jh92pp,2.4,1634982471,0
cosmos1xkgyraauqgqpygq082a7c7x4ykzwhcg7cx5mmx,2.39976,1642430411,0
cosmos1pfhd6jqghntnqkpjmcr6y8eyd8jee5yh63khen,2.22,1634899447,0
cosmos1xq5uuey05jus37hx0t8kpyse6p24amzu4m4qhj,2.212524,1645518898,0
cosmos19p3nmx539dyvlqnv6keyxlnc6ecyla97wytjkv,2.2,1631463742,0
cosmos1hws4adzxl7g5wjr473e6amctnsr80mz6z3uxez,2.18,1645543068,0
cosmos14axennacdhmhe9aqtrwl398d5xtlzr2ayzy9x7,2.1,1644253833,0
cosmos1uar6ech4pn8ynk7z0ms2fu0z6nk54hkaxr94mr,2.02,1629463986,0
cosmos14u6hklqhac8da5lh88eqkl8vtz97y3sshgzmar,2.01,1644307820,0
cosmos16k4wj2gkr8a5lv9nwtgeqkxzpr5mlcs7h3fvla,2,1634671217,0
cosmos1wcrkk07u5wz9geyu243yz3077c0mjnmqn9yu5c,2,1644766878,0
cosmos17dzz2pgdv6dg9x6d8t7slhleqv8ukxq9np6w65,2,1638119427,0
cosmos1a0vy8gcht86pfu6axgr7trd7xkgwpe8ytmv9vl,2,1635851655,0
cosmos1pu8p8ks7tz98qphkq7vv98k05dy0hu66ef8gtw,2,1620511491,0
cosmos15yxgaajjpx353cdhu6e2tajj2ws6kvvejnellq,2,1631512378,0
cosmos1af4w65ud8h24ywm00694x7szenrpdcnjcuuuz7,2,1629554898,0
cosmos12fhmhqfmvd5z3cg2hq5q3ms2mxqjrvuvqud45c,2,1633324089,0
cosmos13wvrsd50529vnds4948f5p4w8w9cy0uc83s8zf,2,1645582037,0
cosmos1rl56adfvh208dpvdqyx96ql3eyt42rand3cgw8,2,1629809897,0
cosmos1ussr5gka4jrle9lt732vgddju6c8ral33uc75r,2,1629747872,0
cosmos1avq4yq2e5xj0jhzkzzv5ua7gaj007f9wmcst6n,2,1636520687,0
cosmos17dzk3s9kfrh96r5fj9glxg3dn4qufk6c79q080,2,1628256211,0
cosmos18f6p2gls3gg8u8qu5yvwq6m943ww3v7ale50gw,2,1644519589,0
cosmos1p5semmwqkgcq7cams8azj0ucuwp7avhqjmk3d4,2,1629809720,0
cosmos1rqqrpkc74dy08hdu04l43uj59gkgzt0jp75sdk,2,1644675459,0
cosmos17dzz2pgdv6dg9x6d8t7slhleqv8ukxq9np6w65,2,1638119427,0
cosmos1af4w65ud8h24ywm00694x7szenrpdcnjcuuuz7,2,1629554898,0
cosmos10xn7m7v2t20np8apr2eg4ggdvn30ph4a6yh5zg,2,1640777245,0
cosmos1rdl28hsxqgr9d900c97jsgnmwtmys74cpta86h,2,1645403989,0
cosmos10k75rmttqw05tntx4gerwz2m83t60g4v6c4y5m,2,1635004091,0
cosmos18ar5f8l0rlx5nu3p07hytw8hvdknnepwdpktrj,2,1629267651,0
cosmos1dtnsu93qc9q7f7masgeq9qcds3yrrga6wmwm2e,2,1645737509,0
cosmos1ztd9zmjuy632qz8xq7yy5mrnzmyj9gn9ksrq0f,2,1629554637,0
cosmos16k4wj2gkr8a5lv9nwtgeqkxzpr5mlcs7h3fvla,2,1634671217,0
cosmos15yxgaajjpx353cdhu6e2tajj2ws6kvvejnellq,2,1631512378,0
cosmos1j7pr0vhn584pr3sv4rlaaeamwzjk4k3yyx9f7c,2,1629554685,0
cosmos1j7pr0vhn584pr3sv4rlaaeamwzjk4k3yyx9f7c,2,1629554685,0
cosmos1wd3c4gywc6yrf2055unds07jw5z84mjkcw96q3,2,1632181400,0
cosmos10mgnvug00qpfgr850u63eft57jskpdsv99yg97,2,1629809545,0
cosmos1pu8p8ks7tz98qphkq7vv98k05dy0hu66ef8gtw,2,1620511491,0
cosmos1v0uc09takepacsct2grytwhrn53yt9z2yy2pk6,1.996562,1632784719,0
cosmos1d2094s374ukxghgq9tm53t46ksmg89q83ss3yc,1.9957,1644375847,0
cosmos1jryvsdeu6lmd0t7z3ngx3nj3spq57rjx8pfj4x,1.99375,1645395078,0
cosmos1sy07ac985ark4rkpvfzyy56uq9ktyk2907ntez,1.987307,1645858751,0
cosmos1t84j8zf9g629hxhtvtyfye4qt7zs7uenrv8zuh,1.9649,1634150827,0
cosmos1xx2k3nu3ck9vrv05a9d2l9s90qpjh2854djnlu,1.9,1620575182,0
cosmos17h0dh9uw7s4tt2ypg8nky9954nftcuwn4f73wq,1.9,1642068964,0
cosmos126pwta8wt0x32399dwc6gg0p7gh9edc83r0kf8,1.8,1631617208,0
cosmos17er07sk338vz8q32trtfraevmzzw2348nr6908,1.7,1645961587,0
cosmos184eu8lwn2aftlxtxxq7tenyw9k44wnr05tu77k,1.7,1631463840,0
cosmos17kcrvk0gpw02wztf37mht6n7ftwtna3cy5k4kq,1.6,1634313699,0
cosmos1umpcgzrq7r4ck6mtccc8hrgf6vvkp3zjaf7xpt,1.594,1643187351,0
cosmos1749mpzg8es5j4ruwfc0dttlxqsu2jwjq7cuduu,1.59,1645859704,0
cosmos15q5e5ar30s8hjqppfrh3km4ehx6d25nkga0v0y,1.57,1638191285,0
cosmos1vynyavmmcrn00uuzxear6esln7p8yyy2pc8sy4,1.538461,1642983091,0
cosmos10qaqn8kale5g2flm9wca6pn64naqhfsaxryt7a,1.50125,1643119779,0
cosmos1z5dhm2n6lynqu2ft5feugcw0msxzv5nmvymrgy,1.5,1635046903,0
cosmos10wupnaw2h6thhzg4qw0m6e9cdanp0096gasj3f,1.5,1644033889,0
cosmos1ldnwxflh37gxgga5tzewdtqu06eunh4yd2c0f5,1.5,1631520383,0
cosmos10duq42d4sz7nz5gnydujl67awrnysv2m5v64mw,1.5,1629523266,0
cosmos104x88hvrg8pf9jmyxvk6vfr5axdvdmswnhmanj,1.5,1643773291,0
cosmos140uvzzd5gna6p3sz4d7wkrwzf6jdwcfjzwhlfn,1.5,1632393131,0
cosmos1976q048pupfqu3xkmhyvr9wny5pr4m3mh5lqgf,1.5,1634797938,0
cosmos1vkfhfcgykztewn8cjyf70nww49eqh0ltyagvnf,1.5,1644693122,0
cosmos1lzcdmfydwqrjxssydlzzzeet49jkkn9u26mjn3,1.497119,1646008288,0
cosmos13dk09luq9kjdkx45s0q79lgeztjnaj6gjtxt24,1.45,1635833035,0
cosmos14pxprs60ejynjhzhcqlwxlfllx66lt8rh9h78u,1.418274,1642521843,0
cosmos1mlc8szk07zn59arc6q47aatsn7fntnh9m9cayv,1.41,1627821408,0
cosmos1fhx8x97j40pru28nuc8wcw26att4md9asxajyz,1.4,1616240316,0
cosmos1f3ka7ghjtkh4z0ahzlqnatuusxh45amq650uw8,1.354471,1636830202,0
cosmos1zusz06j973gvrv8vll4us0qyzes96x9xph3gqj,1.3,1629560809,0
cosmos1d444n04nj6la2r9ehs32fguu63yv6zsx3hd883,1.3,1632197505,0
cosmos1ncy2cwr8jwnghlvup379hrfc5rtweqszuu8e4w,1.3,1624769618,0
cosmos15qqylk9hc82tshrsug5suq4uctlessafxjxuk3,1.290935,1641411356,0
cosmos1cahpsfstl0y6uw5twnrw20wupyk8ndddjv7hrx,1.255875,1628047490,0
cosmos1nys36dk8m43q3s30k2stdzhlxx3v8g02q99v39,1.2,1634292684,0
cosmos1znkxtyjq6psjfkn5etnexxh67yk8m2rdn3gy83,1.2,1633876505,0
cosmos1dcwnm28q5lzmw0s0dsxv079vm6y5y5x5xumkrh,1.2,1631982654,0
cosmos1fqcer9z4wxh9x8es7g9huhde0rh4tm6nxyqy6w,1.2,1631983751,0
cosmos1hvz3j3an7cyfjjuwle0y0vt4fe7ryqpj2swcg6,1.2,1631346575,0
cosmos1lpxerauyq4ltlrwzvwlxuu90qfdac0hzcqhwa3,1.19,1632642211,0
cosmos14hj3nzjz5rkzzhztuyf0wl6vxl5zjwfe59k0t3,1.19,1632642296,0
cosmos1dny7vnlnhv36l2z3aetjk4lz9zxfaqc08kdaz0,1.18,1627285543,0
cosmos1z49jj9xgx42x6rermugn7geqc9da3xhzf7azq2,1.148199,1637664493,0
cosmos1v7yr497u8lyje0yq787lml5r4yzc2cfjj4fg3l,1.14375,1645157359,0
cosmos1jyvuv880ru7zufhk98hpsrs5kjz3eg97pavljj,1.142021,1642757309,0
cosmos1gtqcvsp0z9s8u2fn5cx62rdgpa3pyq7j9yrrtq,1.119717,1633579638,0
cosmos1eh0n3gly6m2zenpxkm98kwj9x4mcf0zrlsw9cc,1.1,1630220297,0
cosmos1290rxdwjw6jv9knuv8ps8eezdlkgghyjy669le,1.1,1630213077,0
cosmos18n4534tdx6v2xt70k3vwglh8n7w4sjmat48vdq,1.1,1630217521,0
cosmos1t7c6vjnzg0xp875pgwj4acjs8jfmv69xkgn25t,1.1,1630217684,0
cosmos1dy0ug08zq6uhxzle3sq0e9lsc60zv9am48hcm9,1.1,1630217486,0
cosmos15gvtj40heuw9q4fe77s4jq3d2vek5kanh0gx0u,1.1,1630218904,0
cosmos17vaaejeuja5tcynqezn32ep5fqvl32k9f3525d,1.1,1630213870,0
cosmos134lqvv7wlqa6jnusk7ly70mxtvckg9yzhqg64e,1.1,1630213385,0
cosmos1mhsn9zgr8czx6rvmfjnsnqmvt028umt5szlque,1.1,1630218656,0
cosmos16r8mcqx82xdp0jctm6enyspky04jlpu6s2vanr,1.1,1630213596,0
cosmos1rwvkf4lmarqmy08ya30y8fnnnu33hqyygzvmgt,1.1,1623744966,0
cosmos1stf6pg9u5fvfw3j6elrcvyur6625a00ck4wwsm,1.1,1630218052,0
cosmos16494ll22tv5n75yxuc82s5gurjwy4zgytmgv4k,1.1,1632049203,0
cosmos1yz5k7edv0m284m673wynr80tsf67kdjjsfqtey,1.1,1629180945,0
cosmos18yn8lpmz4ydpc7m0kyhgqwm9l9mkkg58g49j20,1.1,1630217428,0
cosmos16g7gjvhh7jwkwtd02rw63s9emlrk5ut972520w,1.1,1630217457,0
cosmos16e3a5zlpg3cl7y77dgklsqc6df6pqz5e735s5p,1.1,1630218486,0
cosmos1vyhluslkykfnkda2hgy9979cw29h9pkcfwvy8r,1.1,1630214227,0
cosmos1hxrrzdhakk98lw454thlzedzhfwncfca3c3v0n,1.1,1630220326,0
cosmos1d44c04jc70hyv6u0k27x48jr3kyaa4rlsagpkv,1.1,1630219000,0
cosmos1h7ru2ve9gmljz6w34xhprntffk33rmyp36hjyn,1.1,1631386028,0
cosmos1uy5tqrnzzyq3pvuqd39ldgx9v9ajes0pvalgru,1.1,1631755720,0
cosmos13qp4j4qn0lqvrsq72qdvz4rgq0f3ynnu64zap7,1.1,1630219561,0
cosmos1ndxnrxp874tjw0sajp94vc78mugjwy0wyef0na,1.1,1630220128,0
cosmos14hjlevkspxuerxqnw0zhpn45craalmeed4e24f,1.1,1630220094,0
cosmos1e3jzrp8l0jn3pw702xcp6ggz4nxsk60e0myzx8,1.1,1629481579,0
cosmos150gegyggmw7te6yv80mgafjk7wzeuakhud3l20,1.1,1630213959,0
cosmos1sxtq743gtnyvh3077mlrml5dwzs5u20ja97s78,1.1,1630214025,0
cosmos13083j8lp6vau9j2m4tdqggekf9p8kmgusa2ka0,1.1,1630218368,0
cosmos1e3jzrp8l0jn3pw702xcp6ggz4nxsk60e0myzx8,1.1,1629481579,0
cosmos13083j8lp6vau9j2m4tdqggekf9p8kmgusa2ka0,1.1,1630218368,0
cosmos1sxtq743gtnyvh3077mlrml5dwzs5u20ja97s78,1.1,1630214025,0
cosmos1j2jn4zq862sapetyt2jxcxg9ur4y0ad0y3w0cc,1.1,1630220263,0
cosmos10dplltqdh0dzls2l8yav0s2u5aqtua35gs8t8v,1.1,1630218882,0
cosmos18n4534tdx6v2xt70k3vwglh8n7w4sjmat48vdq,1.1,1630217521,0
cosmos1773cq89zcr020yc7uj856smn5650q82jzx70mc,1.1,1630218210,0
cosmos148ltehe8s9qxrk5jphc2e6stz8y689h8sm45y2,1.1,1630218018,0
cosmos13ax53p2kylh96320lxy7005swvwrxd6sn956g8,1.1,1630217387,0
cosmos15pmeuz9trf6df7elyt7e0q4xyv8ufrr5zm908v,1.1,1630213246,0
cosmos1mmxe2vg32rzu9tkt25tsueh5yv2p4lgds77aec,1.1,1634047635,0
cosmos1fpgdrwlryjzemaywu2s6e0ghxr0ndfx4awjsyn,1.1,1630219483,0
cosmos13dfx40h4pjj8w73ek9w8qk2rgn3hg6ad7fuue0,1.1,1629481185,0
cosmos1clp6h6dhslupp3f8j2fu44xcy5qcjr3gwhwavq,1.1,1630220227,0
cosmos105yywa4x3paac4kqxeue3pjl2seuj6y7562vvx,1.1,1630217779,0
cosmos19yl8r0ac8s4zf74zw9u8xq5syh2flwwxmkv6es,1.1,1629530318,0
cosmos1vyhluslkykfnkda2hgy9979cw29h9pkcfwvy8r,1.1,1630214227,0
cosmos1z62dhq8j70k3xnv89xm4ettcpfr30fp9q8c986,1.1,1630219147,0
cosmos15rn7r5auahh837nzmtaanlwpvqfdmgnqmnp9wj,1.1,1630218521,0
cosmos1xedcuqszctzmvffx5s9jpk7essn4ngfsgu3qvg,1.1,1630213497,0
cosmos1xedcuqszctzmvffx5s9jpk7essn4ngfsgu3qvg,1.1,1630213497,0
cosmos13urcejzz75azy0ql5c4y0janxy634848gxgxvf,1.1,1630217947,0
cosmos1cjxamleepuwj32q5eaufhn4ajszdj7np5k5gpf,1.1,1630218828,0
cosmos1hxnf54vl4tvu7d867329cfqa2m725h35s55c3n,1.1,1630217983,0
cosmos1r6ddyhjd993pqfg6wf3s7q3splltmamkgj0sz9,1.1,1630214313,0
cosmos1uz8yg5y4qsr6pl8st5wn5cnwudnu4uhht6gk2y,1.1,1630220165,0
cosmos1863vhwzjfhsj9e93vuq36vulk8jceywd2kaxrf,1.1,1634135543,0
cosmos1yrwwz7lsjtuarmhuvu3kzppylwx60lzmjrd5x4,1.1,1630218926,0
cosmos1udhh7a5zxpmjqg0mfm8hpg5j65zetfxcq7al4h,1.1,1630219181,0
cosmos1ahr8u58zwapw696edenl2tq426elqqrmul6z5a,1.1,1630218700,0
cosmos14ypz6hur45uqptcax4a0z7wylx33ss8ezkx0ax,1.088,1642143315,0
cosmos18r0ryqswwvphtjumf9gjppsmzjrxgqph5s7v4p,1.055,1629526948,0
cosmos1g8xkjkcvtstrx63ywn3zgndeqpzmwktc6249qv,1.05,1642570460,0
cosmos1cg9w5lf3rxqhgqzgczvr7q6tjd0yupx6txmezx,1.05,1632498682,0
cosmos18rzwm0k3glsw5nwr9mq50rwxkhwex2l5cgn6hf,1.039873,1631207301,0
cosmos1xsdqkefuh3sjlryfsvjrzyg0pqqmvhvluz34zn,1.03375,1645058773,0
cosmos1r86ncen6rcqerkt5337c0c4e7pn98g9hlvw5ay,1.02966,1643432122,0
cosmos1a6zec45223lrz3f0kqesmjrr8q5n7az9lfk6g9,1.02,1630405352,0
cosmos17vrykdlmc5d4ndfpm26ztjrnrkh6zaf752sres,1.016,1640774090,0
cosmos1xef7cs750asmlmn4nza2e4v786uzxvhmqkupr3,1.01,1629538832,0
cosmos13tgu4fwrfkcmeaj5d3gsm7fdmycylsgtyrdtk7,1.01,1629473462,0
cosmos1jrdxk8rj5duhxlh9slu8gxwras76y0mur8znf0,1.01,1643689150,0
cosmos1m6hnwq9aezmyj0u6gxxt0g3edy6fp7lqmakkuh,1.01,1630939858,0
cosmos1xef7cs750asmlmn4nza2e4v786uzxvhmqkupr3,1.01,1629538832,0
cosmos16cmlpt5euasnwusgd2uk80dduxuge322mpn5r5,1.01,1624845973,0
cosmos1qawrd6k8lhd2upu4kccrk30e3qj2t3hcadur7h,1.005,1636251206,0
cosmos1fhrvjac8rc5qjh5470kyzzz2k2kq3l8u8an29n,1.003,1631628819,0
cosmos1xvztuwa67s624rhemly7pelalwrf46k06y5lrq,1.001,1629480320,0
cosmos196n0h52peux75q8mvyz9agt0ae6s90yx49pwtn,1.001,1629480637,0
cosmos1kkfnvrwzt5ya3dlwth2ksqxvgeqqwu9x8df6uw,1,1634095547,0
cosmos1lc7vdamun6fd9pgs9px5eww0dw7k9mttxa9w0f,1,1634219732,0
cosmos1rrp9qv57uxw3grdq5lrasyq332tm62g3775qny,1,1631539727,0
cosmos1g966w6k2k0r52shzhzpgxcy0ucexmpg26wmw54,1,1629883904,0
cosmos1z8hp6uy5yym3jwuqueqe7nttw8zs0uxdufgvru,1,1641587584,0
cosmos18lcrx6u4nwh0phf8vnylt3nfl4p840rrt2qpk0,1,1629561305,0
cosmos1wy2y7tpppk0s5h5z9hppphuvkyqwa2sg6yzp8d,1,1630954292,0
cosmos1sshqfxdrkt4k0rdct7q4xrcshda73rd8n6vm7t,1,1642015035,0
cosmos1pkqj9spqlaze23xzadt8wv7pzh56nfcz7dffvc,1,1633000495,0
cosmos1haed76nlw2f9p6yl3rchyue2regjx063h3knd4,1,1633855104,0
cosmos12arkz9xd0sralpcculcqd0n7mc8sda0l36add8,1,1629933840,0
cosmos1pkqj9spqlaze23xzadt8wv7pzh56nfcz7dffvc,1,1633000495,0
cosmos1haed76nlw2f9p6yl3rchyue2regjx063h3knd4,1,1633855104,0
cosmos12arkz9xd0sralpcculcqd0n7mc8sda0l36add8,1,1629933840,0
cosmos1w4ycfxl2e553mecsmufxjengxrwlaesmc0wwmw,1,1638378961,0
cosmos1n8uq5kef5v59tta55y8nehpvpcds4lvedem8u0,1,1633352644,0
cosmos1rwc3htydar00r7myxpugjjzfs93zga6sr9ljcm,1,1641652244,0
cosmos1ld78tqk8x5ucccpku0q7m3n6pkr6j3cwj333hr,1,1631381429,0
cosmos13twfj44d0p5qkup00m5xcvz7s4axm93zl0ktxv,1,1633694339,0
cosmos1ngwqucnzah3ygqtne2atujv6lke74zl4mw9qva,1,1634214786,0
cosmos15ypsc4s7hqwy7zjmqhuz2gv4ryq9gxszapqap9,1,1634219151,0
cosmos1s4mmfzhhk4h7fu9yheu5vurnrw8px7a32mhden,1,1639552617,0
cosmos1z8a702hldm8xae5v62jhcz2du4pepyut5f6kh5,1,1636196750,0
cosmos1cstw46ypvtl9uh7vn3eq5c9hadcru7hard9h68,1,1636615932,0
cosmos1drk4u766c24r4hp4kqkl9cyyr24azsqlxtq7tg,1,1637909642,0
cosmos19p9c0dlg8hzx03tmpkh8yt5ccawhlyuv9092g3,1,1629444457,0
cosmos1fh3g7qpz7hwkp2tf0sl4qjkff50v3n9dm07en6,1,1618703141,0
cosmos1rwzxqx2ra5jqx3m3xlsyyr4pq92w6f9gd0v7y2,1,1641397832,0
cosmos1fdp7wq6ly2kgvn2jwnnl6nlu7ydvzr25w73g8u,1,1644306668,0
cosmos1llatd2e69et4wdx5ul8nemhdcex6xj2r7q8qgj,1,1633695075,0
cosmos1hsf42qhzk6ewjec0r6me800enlnd4nxvmfqawl,1,1622137707,0
cosmos1q69fdg5hqxfrryacv5m8uvr98mdut7wxkrz9s6,1,1644670691,0
cosmos1p8pp0qx8s5yvs49g5lzqcm5gjnf8fhdfjp584m,1,1645084573,0
cosmos1n7gx0j5svqjvdrn7f5n99zhef9783z0zhkqh5h,1,1632438081,0
cosmos19kann4pzrfzqpjde7hm07vpghdscu2rmzzqf6s,1,1643754106,0
cosmos1ld78tqk8x5ucccpku0q7m3n6pkr6j3cwj333hr,1,1631381429,0
cosmos1uhqvz7ggpmwsctyz73va8h9ktl70c7znmmva73,1,1643810108,0
cosmos14mhascy7wrnf7l6pqjvzyc44r94gssmqvu2x4p,1,1631381726,0
cosmos1f7zmj3xepk409z6stwypv6n7p30v78a58anntu,1,1629530112,0
cosmos1tqggx37uy838uul009s7n852kywu3wu2rxa6af,1,1629650597,0
cosmos1y8tqtsrunclv0dnwhe8eguxer5fd8mgxgfq23m,1,1645975828,0
cosmos177a3rc7d6yft2xwtmjppyvuqs9jelvz3shap9y,1,1633472802,0
cosmos1zdqyem4x4y69cyur3m58n8cw3nxptyaht8s8t7,1,1629784922,0
cosmos1cydmgdcld6w3n2mzh4cjj4m95c2gj3n6f7948p,1,1629534140,0
cosmos1epndumdtte0kpwl34p9dwy9w5t65zmf0ju6ja3,1,1638010666,0
cosmos1sytnv5zy9e2c6yzh93633ddcz6jp2ff99m4ryu,1,1644144506,0
cosmos1a8mkzmt29gpz6vmutkq5p62ya3wsdjfljaaxeu,1,1645535157,0
cosmos1p6lcz44pq9v2wr078cvm2l37rh9yqr6zt6ufp7,1,1631864859,0
cosmos1es9pm8d7s60zmjgy2wv7jmzze08wug8mc0f62d,1,1633643165,0
cosmos1xlccc3xzudfuty0lnpyy2lnu2qxtqffj0wx2hg,1,1632378801,0
cosmos1n7uj3htze6dk3g4nh2sa58xeqmdeh759m2ype0,1,1629533289,0
cosmos1qqcvek0lr6tm0jre35qlvpcxhaw2g5cy42xa50,1,1630160107,0
cosmos108lmtazu2d44zzdylz8ednw7tapwvxfqd4z8cw,1,1634220458,0
cosmos12vat2twgfpqxn06csnxauz6d2t9a6y5q3qkcn8,1,1642889271,0
cosmos1wjwtvvaphgqu6veqzzmk7r46r02ghc6gy6fu4c,1,1632409660,0
cosmos1wtgxd4vrrpe79djj0dmslx8tvxzu2kjrq4qmst,1,1633749685,0
cosmos134sne96llys4rzxt0jayv0a4wleqk9myludhgt,1,1643541862,0
cosmos1qnjyhhq34qc0sgf6hm4pxvqn0gt47e0su5m8ad,1,1631382078,0
cosmos14vzd6gl845ezfc5c9je786gslh3s4mgplyte5q,1,1629560509,0
cosmos1c35wx7a7xprw0xp8y7esg8p8agw4973htqxsq9,1,1634109278,0
cosmos1pv25l0v7e073mkhaz97vm74280zl5mhz5ygfnw,1,1632132792,0
cosmos1vjy56kaktlu204j2r3u56sup0qs69a9hjcy4re,1,1631203856,0
cosmos1f2heq6qd42juhnhmvs963csmdjju4lsa8hujg2,1,1629590421,0
cosmos1qme23fpxvqn9r0ln59q36l5tpwl4p4aelm9x4m,1,1629724011,0
cosmos1mv63yr87y7zj8pn4q2yx48kjdu7jn9vnjalpl0,1,1631769933,0
cosmos1u328fhaes8tuneklutqc37cxf8n3k3ugngrex4,1,1632433340,0
cosmos12m38pfed4lgv5qk0ggj96fvaygn3fhrxj4lx3p,1,1631540750,0
cosmos1qgyjtn4xduz8kjcuvn05y4c49jvdc4dp4um9rj,1,1635027081,0
cosmos1jqgmdvfpj7cqk7v85a3tvvxesxtyw3j3k9xalj,1,1645683963,0
cosmos1lfu7pdxnrls8qjfel0nznergr4yyyn968js5a7,1,1645356448,0
cosmos109vm5c89jksvlup43lhfxcqdyf059q2kndnurw,1,1634035924,0
cosmos109vm5c89jksvlup43lhfxcqdyf059q2kndnurw,1,1634035924,0
cosmos1cdzmam6vcph5zeqvgkthv5rlesc74pskqrwpg7,1,1624516969,0
cosmos1d26q4py45z0fwf9s7venh5vf3yl0dn90frkafa,1,1645356800,0
cosmos1hlkl7jrdzgszrtqhffqujhukgcx326ajp3en2m,1,1629757017,0
cosmos157w28kttpse9uw5ua0gs873zza7q70zntmqxs6,1,1642523855,0
cosmos1gknjfyzngjzv5fp8fqjs2wxe4jkj2rfsdrcgl5,1,1631538507,0
cosmos1mak4egga682cv8kv0ejewz566faemgl3ze0rz2,1,1629697342,0
cosmos1f90yrhtgth398vje03qssmcc6s3xqz9m2847uy,1,1642928101,0
cosmos1ej5cvwavuf3msqg4suwp9ukzzm2js53esmaaxe,1,1634838527,0
cosmos1eacf2v9wyh49x9w5ghh6k8v2lx9zj02elcpcr4,1,1643560802,0
cosmos15rel47360mxnz2w4wh68wrgghqeu30slsxp875,1,1637933595,0
cosmos19tyne0em6v3qq7xhestga76sha5wu4axxpzkfu,1,1632133998,0
cosmos1fn7njl5vp5z8xlwzjg27lathamg0hjuh9c4vl7,1,1631382607,0
cosmos1lezwu364rashj9p5rex2g933z4npkhxent9jhg,1,1641555034,0
cosmos1sh4zftc4u2wsrnq7sp6gfxfhtgaavphdjm5swz,1,1634749083,0
cosmos15v0w2frha79qwmf5xgavzramjp7j0nd2jx24jw,1,1629808417,0
cosmos1jqgmdvfpj7cqk7v85a3tvvxesxtyw3j3k9xalj,1,1645683963,0
cosmos1fh6nppzhc3lzkygn0eh9m6yl6t9raqkzylaq86,1,1637094919,0
cosmos1rcfkhzmdu5acfxcaee4wus5q7gyqdelj6ur355,1,1632426702,0
cosmos1rzyjrn5nxsendchcuafqklzgw9hk5dvgrdhztw,1,1631354568,0
cosmos1rzyjrn5nxsendchcuafqklzgw9hk5dvgrdhztw,1,1631354568,0
cosmos1py7vnejer4auv8e0dyexvgkas4q08wpp33jtyx,1,1626114090,0
cosmos19tyne0em6v3qq7xhestga76sha5wu4axxpzkfu,1,1632133998,0
cosmos1e8zdr7p566tcmy5y2epzslka8wsjd55tdwm46n,1,1641684962,0
cosmos1qldcyqp0s4wfd7y2rdjhjj9uacnajgx7acl7nx,1,1631507953,0
cosmos1llatd2e69et4wdx5ul8nemhdcex6xj2r7q8qgj,1,1633695075,0
cosmos1shm497wa2k6rpv6nu78ghmd8vltufwft4zvk7x,1,1629534475,0
cosmos13q39d3ysxm6ul8svu8g32a2f5dc6qk5vszcv7a,1,1643260348,0
cosmos1c9ewdktqjj3d7fqv0zqhhdq6fqzxurcpzjmm2z,1,1631382396,0
cosmos1ca8mhaxlemegn7lnh8prqump6x73nl40m5293c,1,1628705936,0
cosmos1qd9spcpr0vn4xdacrr0zar2hr8qu8hxn38zhl9,1,1642256246,0
cosmos1dngv5wj0zvd6r6rypyr0kyjszdjgaw3fv0patu,1,1629559034,0
cosmos1f90yrhtgth398vje03qssmcc6s3xqz9m2847uy,1,1642928101,0
cosmos1d2lnf7zezmmf35k0l0srze34uz0sl5v20c0rdk,1,1631538915,0
cosmos1qsax5k7ppe554h7u7wdqscgkpczhktp0lg3kgg,1,1641580316,0
cosmos18lwy0y3ywc8fzh7rka5aqca8yphnxev0d28pfn,1,1634711228,0
cosmos1rjmdlwq5xhas8s9xlwst60nw6cwacv2u8dp4n4,1,1620214593,0
cosmos1meydlkxavysv5d9gkyaej4qzf99uce3ljf5x43,1,1641310148,0
cosmos1ajqpgue8dy8n8vkmcnvt5mk3ls25y45s4rwu6j,1,1629465341,0
cosmos1r2vzd2lcj2fr8fwq49nznzrusarn087lvay4sd,1,1632823516,0
cosmos1ajqpgue8dy8n8vkmcnvt5mk3ls25y45s4rwu6j,1,1629465341,0
cosmos1pcepegfaag03csnjqy8alsjgylhn7sx6uv9cut,1,1631634452,0
cosmos1tfqqxf080dugw3aazd8kzl7hzmn640dv7wkr7e,1,1641731532,0
cosmos1qrc7sazuke63mnpeqnp9tdqdz7eg7q7m5ldxga,1,1644621743,0
cosmos1dhxdprlvjpdzvss4ldfrelph6nz6yc69k7d25u,1,1645753644,0
cosmos10ae5t4jr5m4h42qn4nwvh64pee0t942yeks86s,1,1620653974,0
cosmos1ktedu05rgr7nxf6pfh56eerhmnqw6vhnmttnas,1,1631847824,0
cosmos1r78kn0gd9vy5cpspmgt99j9azmjw4qtcj0ulpg,1,1640956152,0
cosmos145dd3lcezv762cnzdw2tgtt450zyy5uuw36z68,1,1629541091,0
cosmos1lgpjrnv68u0cd4vahjhlckc6ejv7f64vasl52g,1,1629561228,0
cosmos15d930ln76p9249laj3syz4405jk8hhrv858qgz,1,1633972291,0
cosmos1mcgv7kuld6x3wl3sekz3enmpy7xhpn608sfs78,0.996806,1638580860,0
cosmos1wpuzpwwplzy74jmtgx9ye6nt3ceyz4r8rr4c9j,0.993686,1642565738,0
cosmos1s5a9q5dqv57d3xvwtesx926ca0vvyshjpuval8,0.9925,1645705035,0
cosmos1d76uvjtyd3cnuncae8rjzhdctesy6ksen5fulp,0.99,1639171227,0
cosmos1yr3gydf87y4qryznun7f7hwx97sckr9kdmdcv4,0.98775,1642926990,0
cosmos16m887u7wzwzymfhr6hnqcv8lqslwarj882tq3p,0.9875,1637749980,0
cosmos19l867stm8udn809hx7lz066wxaa26zjwcup8xc,0.9875,1643055435,0
cosmos16vs9r9a8yq02lldjvckagdpx4pnw59ddv2qql6,0.9775,1645822522,0
cosmos1mxl7cga8mtc44lrtzcuzkgm5xtwy4r8yz77x9y,0.95,1629560363,0
cosmos1r5qkmvn9hnv0pugejr73639w07d2mughnm7qxa,0.95,1634120010,0
cosmos1wnnaja5v430ktslh2mg0dg9lt8zynja9933tcc,0.92,1629560328,0
cosmos104ppeg3wyc9cmqxwqw44djvk3gzlg9psmd282t,0.918904,1641915892,0
cosmos1fy5nhk0wnxhkhc8u6j9trda3k77ku7cpkcp5wj,0.904,1618526998,0
cosmos1ky4hd8usa42qvnwzk4vs5kpy2v63ca5zhvvk6k,0.9,1633981188,0
cosmos1azk2mzgathkuqknxjv8u9md0mgmmx4cvjkvenr,0.9,1631636789,0
cosmos1759qud67da7f5x2nrdkqxgspd9v7eauef7fcsp,0.9,1640800469,0
cosmos19ngzccgfqkd908y3ts02jt9xda5s592unpcfrs,0.9,1635348649,0
cosmos19try9cgxxfx96cmf072yy77uj0cqj025t32z37,0.9,1637823883,0
cosmos1dve0qpa0dwr6zy8pnz0dn30756narfze4585zh,0.9,1636602759,0
cosmos15pmj6fggqw79n8admps3f9y4trmcduefc0q9j3,0.9,1629560281,0
cosmos15p2t8fa60j0mkkxhz87vdx9g4p7pfrdlysv05e,0.860442,1645404097,0
cosmos1y4qyeapjza2upx55ssguy9pcu0hxc0pj0eee32,0.818,1622547823,0
cosmos164a0dvtdyvd0uhuzc03ds4p3mndcep58x2yyvh,0.8,1633284967,0
cosmos10q0y070gzf0vjwcvzzcytyz24mkc7l3lnu6zy0,0.8,1620410095,0
cosmos1n64jhctgqe57vvv6dzq90f5xazapne2063f9ts,0.786223,1645442867,0
cosmos1y2eg6sa5w0ujkglxj7a8x9e8v82vgpfhu7jh58,0.75,1632016254,0
cosmos19mlarjcxswwrep5yg5nl4xvjh82xct38pvhstw,0.747769,1645568024,0
cosmos1r4eaxutag6pmgd82yeqt96ar7capsefu2w5gdp,0.739384,1633275213,0
cosmos1q7jeg6yj0cwc9kajp2ykayl54geueuw8kvadu4,0.72,1634002140,0
cosmos1qpgv6dcj242vu2vuzkt0w0a4ej69wn4njt6uzu,0.718565,1645962693,0.675325
cosmos1g4xcv98v60ld6yrrav0yaxndkhw0pgy2df9fu3,0.700128,1633265443,0
cosmos1vaz3yc3e7qlldawk0mhsc7dq9vpecwp75dcxc3,0.7,1645548122,0
cosmos1xtvuq8a04qdwv9rt3rxs5d5uukxrj5untw8fwt,0.7,1625374457,0
cosmos1zd063th7kfk22ta085v8xjzh5scrar8kf28f9w,0.69,1635058238,0
cosmos1tlcz7p3ltgrh20fg66rtnnmsn7a0x0rq5yhx83,0.69,1635058053,0
cosmos1cxdxdkfhvfuahwkjyha7zzqk3r7sgnphk4jdtt,0.69,1635057995,0
cosmos13dfk3mjehxu4j7qhjrdswh5p96nkpe5xdw0rqs,0.69,1635056972,0
cosmos1ult95dm0zgwc9jk6vk3wthplyqrvps9msp5wcd,0.69,1635058360,0
cosmos1qujx4vy8zd2uccyguuxs7qfda0m08qcsjtqp5y,0.69,1635058451,0
cosmos15y0d6f8e5hx7p9esz8l0jus7jutsujw5eplz59,0.63,1642326201,0
cosmos1a7yqkkdv9ns49e9q0rauln4a9u8pj36507t5nx,0.6,1638811796,0
cosmos18qm44fcwd0225x8vmdnrxmk4vrxrf5l6fheaat,0.6,1642235952,0
cosmos1efuzy5t0xvjjfdth9q8n26jqsdzappzqst4vqf,0.598458,1645611992,0
cosmos1kk3gkft7r2l2mgjjfjlqc6amzkqlhgg9k7yrx2,0.555258,1643320518,0
cosmos18xwjenwkp6rfxcyma73rpyl2lus6m9dnf3q62g,0.553254,1644355892,0
cosmos179a7q5gnu7nec806xv4vfp0hnx7slhxwgme9hk,0.54,1633877197,0
cosmos10aqra4xwy5tz2lyxgkga69fm3dyl0wtesax30v,0.51,1640635874,0
cosmos1lcvmkg5f32s748f2a8pwavxg5jw8tnymxrexe5,0.50505,1645779127,0
cosmos1xrpya3eqwt2aa90tz8jvwg5ustf6t8647wtmsc,0.505003,1644130817,0
cosmos1ncqcxf0y4fg3u083t40c62y0a03zcs2h5rjwdt,0.502,1644873279,0
cosmos1c799aknatvnw93h70amu896ydy0e75v6z0jqc4,0.5,1634108115,0
cosmos1p398g36ct4jjn755w2d4zps52jgwm02sun97n9,0.5,1634109821,0
cosmos1wcxwvfwdwfqly7azy3468kzkulju0vkjngkyyt,0.5,1634137261,0
cosmos1m5vpws7cmt7smdd5jgdrk599fqrs9av52ek67a,0.5,1645070663,0
cosmos1unwln7lpcklnyqgrv47s2m9v9wcl0844rz94vp,0.5,1634111851,0
cosmos1uw023p45c0v0yuq3vgy9kngnhqypnasx9gqpkm,0.5,1634110070,0
cosmos1hsx3xgm0u3adh0t9myqh860qjdxx2w4k2vv5yj,0.5,1634106373,0
cosmos1ah8ucgqpgvpzzrwmuq32ugztxm72whljvvjysl,0.5,1634112341,0
cosmos1sw6n5n70jkuw2cuaanv23xlw3xn2l48lxzkpum,0.5,1634112407,0
cosmos1j6h07rhcwct202qwsqenxycd8d9qmalpjzf3uc,0.5,1634110375,0
cosmos1z80g0652zkq7ymj9dm4vruhhl7fznf0x6gqa02,0.5,1631885070,0
cosmos1x0gzesx7j7u3j2ahg70v2z6j9h5lsmcwutk0wj,0.5,1644598093,0
cosmos13stn249cm8jeg7k3sa5u4yj7ernw4mgkmsv564,0.5,1629504663,0
cosmos1lf8cmu0fdk080attnnggu4gvuefups04lg9wcw,0.5,1634106923,0
cosmos1ej699th08rsd0jvq2q4tfw78uevsr0deg6gez9,0.5,1631795789,0
cosmos1z74ey263de7x2vq76h7kjd5qn5nk80tyca20zg,0.5,1644873307,0
cosmos1gpez2df9zn5552ze348kvxd6fjlqwk7wm3hj2f,0.5,1634110803,0
cosmos16lr29lt6wg9m0jrr30aeps84nc3jn30fvsne58,0.5,1634106446,0
cosmos102hxm0mredzcnc3qkmfyg6ly4699gzaex92mdx,0.5,1634106185,0
cosmos1hdckqn4c3962su53tcm2hgxrfw0ask0m30j0wz,0.5,1634111616,0
cosmos1dwz0rqpyfax463krm2ymts0duaeys8ej32muwd,0.5,1634110296,0
cosmos12h5up7wt3d6t8glgdft7fgg2v68e06axyn7cf6,0.5,1620108176,0
cosmos1z4erxtjrgcm3kjvmas3548e580tzetup5j9tdk,0.5,1634107614,0
cosmos1xzlsm490yfaaa8geyk3zfarx4e2aw4rrews758,0.5,1634109241,0
cosmos1uyrl95dqnxcgc4xqtsk23fnf0l5kl0cqlt3fzg,0.5,1634112486,0
cosmos16f7272j36aazt7q4xqykg96htjn3x2nxcu2enk,0.5,1634112529,0
cosmos13xally3wzsgk85actmdjl09qefudk3qgwmkdgu,0.5,1634108500,0
cosmos1zkffeevp6qnq0tfwy4cgqysl46nmhxpjmyzlgz,0.5,1634106292,0
cosmos150nmz7725w7pz2pa6csgseutvh0hvnqgnhedgs,0.5,1634111952,0
cosmos14fx6v8q6063p34m6rd7t0ewf86sjeauk56lrpx,0.5,1634106996,0
cosmos17f4j0p6vt7a8m35t8rdkwqydpg0mzrdn6gu6yh,0.5,1643105491,0
cosmos185jemamtmnuvt3pljalx8nyggpclenuw5htyuf,0.5,1634110947,0
cosmos17ratx5rn0nq2gkf78tfcufn0tewjejfxhytzya,0.5,1643892957,0
cosmos12hxcwadfwkq4ml3r30lsqtrn73jjf46w8jt99z,0.5,1634107949,0
cosmos1c3qha60jv6mqspcsst7jnr26hkqm2xtaucy8vk,0.5,1634110741,0
cosmos1xntyvl6vwpdzzvn7e2kct76enq4he77v547xqg,0.5,1634112103,0
cosmos1k8sfttvzn0an9xpjkmgy446y5w8nkx97wqyt8p,0.5,1634111555,0
cosmos1c8qf64afhl9k6zqjfj2uq0tkspefnwkpzvquf7,0.5,1634110999,0
cosmos1az4wzmkl5ayj7aklx7ecch4fjgymvr7v70c5qj,0.5,1634108293,0
cosmos1kdhmg08h58ede4klaxnst6cz49y9shx5utzyjj,0.5,1634111463,0
cosmos16s24tpmmp2rzlxr0ye4kh302ukuchd5uvl6zc4,0.5,1634112449,0
cosmos1rhz55kmhht3lkl59wnd8qsyrr7fykmf454sras,0.5,1632816628,0
cosmos1fxklphjdk2nus7l6f8wdw0ryvmzyaqetmk233g,0.5,1634109461,0
cosmos1g8pu9xypks0vqs9q3cx4n6tvntx59ss6sumpvr,0.5,1634111491,0
cosmos1lh5ejf6lzs95m7kpquh9ymm2sey9ke3cyhphcr,0.5,1634107762,0
cosmos1n5slt735usvfh74t0hwa7dhyq8v9x6uzrc56fq,0.5,1634110437,0
cosmos1qamxep9076vj7zxud4zhlym35t2kqht9w9xvzw,0.5,1634109891,0
cosmos19wdg3qa8nnjh3rprfwss25j3pcu2tjpm2j92fp,0.5,1642595258,0
cosmos1n28jcsuukc0qlcw3y9wcwq449ramn6gq8q99nc,0.5,1634111101,0
cosmos1whx2w3jkx0hymtjljsvlyec6waad56nja7cx9d,0.5,1643783997,0
cosmos17j355vjy7apj5p8dalrtkayv9y4n2hrqxcmu2w,0.5,1634108606,0
cosmos18f03tpajx65xuj4h44mmjhag65jeslngcvr3ef,0.5,1625284133,0
cosmos1enxfh6j7txtvu7kx23ju696q69mufylydj8s75,0.5,1635522862,0
cosmos1xj4p4jn7z2gk2kyah6umwshkqs80pxlu39f8np,0.5,1634112044,0
cosmos1mlrdkxz7evz9s654fl6qd8l7hysc5z7uqlvc0w,0.5,1634110569,0
cosmos18vnk772y9exeyesxq6att64pt7zpxaf8cujr4f,0.5,1634112394,0
cosmos1s459x60rsek9cxrz6xsfjls0qykslehu209rd2,0.5,1634110508,0
cosmos1fr4aymj2294ak7t80d5gdptgkm8mffhk928zr0,0.5,1629559241,0
cosmos1t59h5v4utvlz59lp44cy3spy7tdus2nfxrf0pd,0.5,1634109988,0
cosmos1s459x60rsek9cxrz6xsfjls0qykslehu209rd2,0.5,1634110508,0
cosmos1fr4aymj2294ak7t80d5gdptgkm8mffhk928zr0,0.5,1629559241,0
cosmos1t59h5v4utvlz59lp44cy3spy7tdus2nfxrf0pd,0.5,1634109988,0
cosmos1uwd7td03svfrfkera042v6l5t9nj4ez9zkfjuz,0.5,1634109119,0
cosmos1cd9sgh6llugrjqd4j6xx9qk690vfk9lwgfafyc,0.5,1634215893,0
cosmos1hymjtc2xrr6a4gkgznz452udqjgy5p924wt0wm,0.5,1634110181,0
cosmos19n5f66m9utezge4khzct2m5kvvd8wj4lfkzt6l,0.5,1644033903,0
cosmos1mtv3uuupwxcy6f65z6lqa49hgedzuf30xst66r,0.5,1634111555,0
cosmos1cfrvnneu878tdg2u5twksk533cwswtqqev8gtd,0.5,1634110657,0
cosmos19ze7v9947jsq2aqnu268tu7j39ykhtujm5gfpn,0.5,1634109008,0
cosmos1nxatckld8nffv4m4p36ap3lgdugpfwmvqxyvm9,0.5,1634106653,0
cosmos1n607jjqkf2xhx0g9dp6jsaxeerjr09r6sk0535,0.5,1643781214,0
cosmos1crufvkj0u8y9hr53hy5k3hjnux63qrd4y8jvfz,0.5,1634112136,0
cosmos1824gcp3hurzpprmnawk8rv0sr3ex48us3k5xty,0.5,1644118473,0
cosmos1dl0jle2la2lx3g8hca83dzxklq8mt0wyf8mgkp,0.5,1634109300,0
cosmos1slqawzjcuj3chdez60wlvznuw00w5genysy3xs,0.5,1634110237,0
cosmos1mrg69y0k6cad965m3laql33jvnv2me08jdwmej,0.5,1641886564,0
cosmos1dx85jegaa3vndm3mfjs472agrf43tx5dtcx8p3,0.5,1634111651,0
cosmos1sushj3au7ft8n3xnepdu68hpgz28v9pedhtuaq,0.5,1634111194,0
cosmos1hhtac26crtlzzvall9pj8l79megs52n0hwwuyy,0.5,1634107712,0
cosmos1n54cvuqj4xtg3x3az7qpe5h5k26jekj8s9kcvt,0.5,1642011162,0
cosmos1v6yvq5wh9ptltc5kj94m49z4rkxl0qs64xjdn7,0.5,1634109711,0
cosmos1sgk397w4zpex56nhdk28qd8wr5ae4u0snqmujl,0.5,1634112080,0
cosmos1pjp7fy9gnt7wjd4wm6tc78tvsw9v03sv3yjaez,0.5,1634110947,0
cosmos13zfhsa8xvljnv7r3yvvtq6ts48sqtgqexjw86z,0.5,1634109974,0
cosmos1dwdkugndqqsz0ncamgv70j773pzl74jhz3p5mc,0.5,1634112275,0
cosmos1ndm9txasqk8x6k89w8pxd0umn6ftr22a5zlrx8,0.5,1634112319,0
cosmos13xzk7yakt073l88t4cud64jpfayvt0avjnuffu,0.5,1631538591,0
cosmos1ls0ah0shvar4gud9tdg844f2p85ytx4zdy68zu,0.5,1634110875,0
cosmos14r2uflx2dqd8nf0hfqsxyw9g9rpayrxkhnz2c4,0.5,1631455438,0
cosmos1rejudv528kw04npn4mcgalhtyg2yykqvamp4rn,0.498429,1645615562,0
cosmos1eagkhywuunah7h7sm7qzp8hj57e6j93a73khcj,0.483455,1644436642,0
cosmos1h2xu2j49ydwz5m3x3aepk5q0f7cpu6fkr8flyn,0.4812,1642518266,0
cosmos1qhnra8uqh42tl3v985ttyqxmulcxlszjrdg5eh,0.48,1632411429,0
cosmos143arwxxr66qs7l3a52hjmwdsf9zd8t4czphaxk,0.45,1642234243,0
cosmos13v0uh38dtm2ckwakz79ddf564qz0m6uds8y86l,0.43255,1634031892,0
cosmos1pc4qd7z8jzl4svk5wz458rlgrth9ypen5tlw3v,0.420508,1642011647,0
cosmos1z9geegu5e2m8k4mha49e2r5evnmwpffm5wnu7z,0.4,1632245153,0
cosmos1stz00kcgahnpegjqd5vxqxxlz86hr42a7ha2q5,0.4,1616084708,0
cosmos1e4tglpwh2uyqa0nyjdnc9jpyhwrgumtamh9het,0.4,1636811794,0
cosmos1j48qletk0jfevgmgntm74emdsprjffa93w5kr4,0.4,1633927135,0
cosmos1kula76pvlnj63hrp7ym6pesea46ju8eft4xvpn,0.4,1631838208,0
cosmos16ys0j5jush4jtuag4ca2zm0wk66w8uyx9vgdew,0.4,1642492424,0
cosmos1edg4fa7084sk8fdvthuh9d0gpnwqz6g5rs0k3g,0.4,1631338400,0
cosmos1wpmxs3y6pfttkzk5w6xwwx7tzy4ctmwvh472hq,0.4,1635486265,0
cosmos1sxmne56n2lhyqxqd7hrk9nm2pa74sv4aapmc59,0.388,1631698029,0
cosmos1lkl395tgp2mqwdrhm4ccqp9d2ghtdzvu30cy03,0.386178,1645958475,0
cosmos1h3mlc3p0exlep0vtufuy9l8nan8vwz6jsat8ej,0.36,1631915636,0
cosmos1z5d0px6a5tvrvduny3zpkdfmpjapyejjlhq5xa,0.35,1631675600,0
cosmos1fa73xz32r06xuyyhlw3zhxys5weesegvsvuw0d,0.35,1631674358,0
cosmos16p9w6rl4kkh3qmdsgzvvne5klh7zmfvd7hwsjp,0.33,1644707803,0
cosmos1rydxvnc7gsqfgd30cehyq7wemz9h5v3s7mn9pf,0.32841,1643775577,0
cosmos14rr44aykjyuchxyq9pm90vmxstgrt0wfed3glr,0.32,1642957989,0
cosmos1njjy8usqma7d4we9czy3mnenjp0htvvhypz7dl,0.3,1631643547,0
cosmos1q7kkr8p8slj7dpf0jglhw6jmxe5aqjcfgcq8yu,0.3,1631332124,0
cosmos1yn9gpahh8r5uddnw6fm0r6dp95hk5d6zrk7ahg,0.3,1634559878,0
cosmos1ud6m7a77r55d7vqm6j9nqr42sseu9p9vjydjhm,0.3,1637855814,0
cosmos1sjfnyug3jl9jn6aqxa44624sdt4xxhhdq9ummm,0.3,1643920370,0
cosmos1lj6lw897a6ehmex7u037aqu2pgqsltvhjnlns9,0.3,1634142218,0
cosmos1z52et5uvzfzqmszakh6ftgkttq8nkv3q3u587d,0.3,1624639774,0
cosmos15jqz7dms4hq3fvctagjpp9jv8q5lq26zlltfz3,0.3,1625804585,0
cosmos1zcfesl9uzazwzd76ual4lxknd9s5q3c0y8mjyc,0.3,1645029183,0
cosmos17ek9uxxr2kxrrs28p23vprj3e395zpcrl57255,0.3,1644035059,0
cosmos1gq0nlr6g4kf0vgwmk2lhjw6aref0d9s0p4j473,0.3,1631775437,0
cosmos16dy7ceq8q6mafzmv0k6qk4zptaw5rd8zzw6wlc,0.3,1631623234,0
cosmos1ka003sj4e0w6j840r8vqpn7x5naq2ktyuw8y36,0.3,1631646609,0
cosmos1t20v3y8ddpzxkuj98hrqw550h978x22lzmynsl,0.3,1623131619,0
cosmos1dkqcgy408rkulkl2pzphs63ezzq4rw5ajd0205,0.3,1631647137,0
cosmos1e7n7ahu7u4y0pxd2a5jdy7kg5e42slqyeluad7,0.3,1642839282,0
cosmos1jkg6dndflxrll7s9djg04qx6knx9say8y9us9h,0.3,1631646168,0
cosmos1gj6hqtcjmnejsuwm6wv0zhtxwjw8x4t3wzzaay,0.3,1639207601,0
cosmos1u7v7vml7xtfkjzgepys05d9jzw68u2kljaggnd,0.3,1620915740,0
cosmos1zt84dlcpyzq9w5eu0dz6dk50gyrml502t5w7h5,0.3,1642008224,0
cosmos1rnu8ddu2sfuc5y2wexelxjh7uv672mdeht3lv0,0.3,1631645382,0
cosmos1v0cjmxh83w7a387j6y5y3qr4yrjh0wtzzx4m98,0.3,1632359787,0
cosmos1jscnclfwqaggt448zx857lfarfhty5jxd8x5ls,0.3,1633847938,0
cosmos1j5xakm9c9g6vchp44kpmwqytu37p7jhyc7ny66,0.29,1631544471,0
cosmos1fk7lpxj6ywlzmr2q8ycy7u90v9gn68skcwsd4u,0.259962,1620183338,0
cosmos1w7uagr3dqgfh38gg93904xezcals2tnnfd03mj,0.25,1642816353,0
cosmos1k096rk4dacm8gjwfkwpx8c6am2gvvhw9f84rlt,0.25,1641343791,0
cosmos15cneufsgygtw8cqy0mfv49t45f6ug5u4nzzv0e,0.25,1634138715,0
cosmos1zwlggf366j3uuahp48qm7nyl9zgzta28tzgjmt,0.25,1634143526,0
cosmos1rruf0la62le980kyv2vcdewn0k547luglrag7h,0.25,1639227721,0
cosmos1zwqu43hnhm34pp9ldh5zz2ryh2g0lpe2t8u7m0,0.25,1634368406,0
cosmos153a2feywq26cy6kvhqjx5gwr5aj4jjrwd6tywq,0.2475,1635702109,0
cosmos1pp07swg6au6hqscxsqpmaq3qtnklhg6pd0s9a5,0.2375,1635660719,0
cosmos1jylzrdccn7g4f46j9st2re4w7tq7ef02trf40p,0.23375,1635529574,0
cosmos192k7em4hkltwdmswa769edkc8sy8zd5rk2lvfs,0.23,1635586159,0
cosmos1g8pxl5ns7tg58uutgn789tqq5czq0r4rcleztc,0.226668,1646200702,0.226668
cosmos109tc68x6vx8l4fa5289q5k2k75qfcsvshdkxxs,0.22,1632536658,0
cosmos1sqgy7f2x6l4x24tzemwewna3u9cvnc9864jm42,0.22,1634188209,0
cosmos1kqgpe9ydpxpeg04asz9taxpjkv273z24es5lup,0.22,1642768108,0
cosmos1eep92nrly5yzes9m3t0zqlrzdvcjarelw279k4,0.22,1633391354,0
cosmos155823yhw5pgx5etgrz9axq2mv56tyxkrkqhyw4,0.2175,1646169133,0.2175
cosmos1gmcrxjvwnvmqg9hezll8ajapsxs9z62czhx4jl,0.210332,1639764733,0
cosmos1unwnp4jtatkhevd6ugwfa3606a0ew0utmqkznd,0.20625,1636567931,0
cosmos17y8ftv006q9krjw0cda22xmdd0l7cv8taz666t,0.200807,1645775589,0
cosmos1pgtdjw85lkvsm48q474ls59wjxas2qs274ue8j,0.2,1633259425,0
cosmos1m0t7yme3n4e69rngawpretx3ts20echut9eh9g,0.2,1643387194,0
cosmos179yu4kthnhsgfkzyj04gf76srzdzl7szsyfh3t,0.2,1643057383,0
cosmos12xyzm640y4dfhstlm8mkr6l7hkwkkn2kp35jut,0.2,1635229261,0
cosmos1sr3lhql6gk3csj33747jksdkzxyn9jv4vc3huz,0.2,1644035107,0
cosmos1ppf6m5z8gvv8kqt9h4fuun64furpwz3c77mdj2,0.2,1632106249,0
cosmos14ux7ufwa7hjxl30sd7wfv7ka80nx3c7xtr0ajx,0.2,1644948005,0
cosmos13f7egegqy9kg8a3a7qs9nn7eu8453qp5c3cmgr,0.2,1634401780,0
cosmos1lj786zr9pagaas62ku8u02u44vmhlftjufgq87,0.2,1644044360,0
cosmos1440e4gt80le7zp73vet8kfuwg8hs8n3kwh8cu0,0.2,1642783532,0
cosmos19dksx4l323fh5attl3v2m5gzsgs6xpwsnlclge,0.2,1633664758,0
cosmos1prkdmr5mkjqd6t5zzextz7whjevmset3tjkukx,0.2,1637682366,0
cosmos13e4yg57c56rth8m70fdpg8u53kn0s736czxx9j,0.2,1631373672,0
cosmos180k5q6t3jwpayq407nl9x8d7panzklj25x77kx,0.2,1643885260,0
cosmos1j4lqs08gsdcdnye5wukn02mkfk34232euflw70,0.2,1646071155,0
cosmos1k9t43yxn544kr5k22jgtyzs2vzvv4ydvpyt27q,0.2,1629471458,0
cosmos17mxyeu0cagkahw80j9w5vkfn53p4ytxu9kl0j5,0.2,1635066903,0
cosmos1tth0yl2lgdr044qfhl4jmsrutzdaqrpk3glj29,0.2,1633688621,0
cosmos1u37ry89dpp48093fc4nzcerys2fjsaqt7pdg0l,0.2,1642837689,0
cosmos1lrep5e4ppsd9srtpg884l2hgk4adl66g8xwfsj,0.2,1641828122,0
cosmos1uxnmnlzrk4fx9z5dwneptt09cyuf2k9qg9mhts,0.195282,1645666234,0
cosmos14w0gslp5nv4eawepg98grves06gcuf5wqg4xqp,0.18875,1642429402,0
cosmos1p2zaw70xlhh9r7kwfpjecaqn97ad4gn7kelmek,0.16,1634355127,0
cosmos1epzyrewlzf9ldycpy4gr54wql8jll3m3sgrk86,0.15,1630862967,0
cosmos14cq5vcy553kzla8s5th0m3jarycsm3ta2xwzmf,0.15,1633883246,0
cosmos1tm366wtf9ty4udxxw8cxd0veqcxwnr0ektylkz,0.15,1642838166,0
cosmos1w4m9qgd2tdt5yzxh53rjhfppx3c34yeuydp023,0.15,1642800148,0
cosmos1dhdzlv4m09kkfx0hlpnhn5ck8l57kwhwjdfrq8,0.15,1634440328,0
cosmos1lem5292x5qw6nra5jakzfx9qzc2gaamstuddsn,0.15,1634163326,0
cosmos1g2usd383zgq34ec3z6q00ck75vme3vzd62ed0s,0.14,1634395280,0
cosmos18e07qk73kw44ryureswhlsxsuj2cupqzljkj47,0.14,1642789894,0
cosmos1vkufvslnvrtmj8w3dxcevwvnwsta2f26kt6ndl,0.137,1646237557,0.137
cosmos1n9kpqxqjs6wct4ee4htn4jk9fc3np28s8pev5s,0.13325,1642658789,0
cosmos1djhcqj0yejatwrxxwmynqc4cn4x6qkuextgnjs,0.13,1631522355,0
cosmos13y0cfr6wyn3y5c25s6wkv270x79mv7cxr8vm4m,0.12,1631596525,0
cosmos1cuzc3d95fdtvxmdlja28r60luzhf3haxud7jde,0.12,1642788027,0
cosmos19ryhadzkzm2e92jul0u4srwycu033uem3cnunl,0.12,1635712189,0
cosmos1edvvlae7jt8qyherclxksljw3d8gdd98tz9x3k,0.12,1634023173,0
cosmos1dmpg3xv7jmxyvrddvpvef2fnhde9khgcq4kvkl,0.117702,1631916326,0
cosmos1k75wflekqw6rk20dk50jkg9pws27yrdxkrsj9w,0.11,1642580547,0
cosmos1gv3267fhj25eh5nn0jg898a0j0dr5tjh0fw8jk,0.11,1638148533,0
cosmos1te793vjcmua94f2ahxfmf603wx33cpzm4l8ar8,0.11,1634214156,0
cosmos1uzve9t5ws85uyfhdp78ywputmf3pyft6lajw9k,0.11,1642790695,0
cosmos15h6dw5dyudwzyfnp0vmwlu99nh7jeaakvlzu8d,0.10615,1642826965,0
cosmos15wwus4zn6hlkf6qeyhfmes8wgsf5n6tg4c9pxf,0.10065,1643949294,0
cosmos1ze2ye5u5k3qdlexvt2e0nn0508p04094j0vmx8,0.1,1626141372,0
cosmos1w7hgml0zymzzvq5cmstzrsr7rd6zc5wjqtle5x,0.1,1631102120,0
cosmos1xqys5wdegwv45nfxgqpd7tyq5qfvntpkfzgn46,0.1,1624317010,0
cosmos1r6cdj4tgdrkwed4yzyhskjmka084qtsex7vmm7,0.1,1633616285,0
cosmos1eyqz88f6kvjtehsdhr5nm5z663dyuvhmn3wtl4,0.1,1631632406,0
cosmos1dsxsexvkl5wehvnvypl5wu8k2v7lwcnqvwnccn,0.1,1633338310,0
cosmos1lys5q8sl59zmue8wccm3dg7m0ge4uw650gjkgy,0.1,1643720361,0
cosmos1llm9vcmu564rmdm4w0x5e65mhpqckpflad4l0l,0.1,1632671103,0
cosmos1dr3awpaxywqpm5wat62mcggwy4vqfsrq250gn2,0.1,1643942637,0
cosmos14mv6pt32fk3nzedda2pg0krtplr668na5xqe56,0.1,1631337323,0
cosmos18nvaprs39ksccrs9a3v9stvvujwldf3srnezh6,0.1,1629206583,0
cosmos1lnw62f0njx600vwgfw22xnj9wf287a0hna458h,0.1,1631441202,0
cosmos1l3hmq3d9qa0n2ln4wy4dqe95ctee2rwa2q0829,0.1,1644917957,0
cosmos1d5y52vdelg6r65y5mkg3jqla9sr6nj85fpsh2g,0.1,1642819689,0
cosmos18ealzkc3yytz8yjg7t0ykaj75wh0nedl7zydt4,0.1,1642783532,0
cosmos18a6l2lwqekc8z6y4vfgy3fdjdjmtpfvqsq32xd,0.1,1631365002,0
cosmos1rspkq7srd3hxqysce4dtgfyvdkcx7zs6gy3ah4,0.1,1633965934,0
cosmos1gekvlkr4n9ndl8u4p30xg2lw392pccc7dxsg2v,0.1,1627277353,0
cosmos1j4xg5eyfuf2xemqh6cz5c42t9jc4zjl39v9je6,0.1,1633340623,0
cosmos14cqep2p642uajas9k7ax94fw5geag7v6p3ktzn,0.1,1633967636,0
cosmos1yy7m5ut83qrju5ew5g86ukhp9m7pktz09tt6vm,0.1,1638958079,0
cosmos1mveaqvc7pg2nmcppar87pg0aslhhczr3awdyjh,0.1,1629267113,0
cosmos1m9ctq6xxdz4cfmjua7vlk5qalc5jxansk4drrz,0.1,1629269721,0
cosmos1dk6xkvps63n20rs37dh0tnr2l3pagfw9zfcswp,0.1,1641375747,0
cosmos1j0d4jx6ahlvgx7nsxfjmyn7taddnffvdzq3p3q,0.1,1634365976,0
cosmos12qaaqw8k48qamtqygjt7eqj5q4lxr6lru2szfj,0.1,1634279377,0
cosmos17x0xu9uhcy9943sjv8j6c9030qxh24fxvaujak,0.1,1634102538,0
cosmos1wu7q06pc08cwa4f8hk0wrtvs22rzhvvvntrnh9,0.1,1629442911,0
cosmos1kvhunrwqzqemfv0pl40jz88ktnrar0v7z8tj74,0.1,1631470043,0
cosmos1wwvdatg99gydypa9ffv0g6rfye7lv52fzyu9r7,0.1,1644239038,0
cosmos1hnafna7dut6q2cthrlt8ccu0vdft87nsyag9vc,0.1,1634846438,0
cosmos16ne9kksc57y6ff7kzw9g0c0wxylu36tpk3yue7,0.1,1634783496,0
cosmos1gkaclyhv70v5hmw3pxktcyvyevvqpdw4rf8gmq,0.1,1634033616,0
cosmos1kpfsyxlhzpr4ma7lmg8cyyhlj29wa8kg6lgwnf,0.1,1632313384,0
cosmos1h7l97s7etl0aszguxvmwmstt6eehu5ppnfynru,0.1,1641355788,0
cosmos1apynpxa8u5kt8sgvhv522kewpxz9n9dtqhrdgh,0.1,1635202238,0
cosmos1m9x74q9r0za5ev0u8eestpp69w0eh4u40r3aye,0.1,1633977979,0
cosmos19mgdtcl5zrq24vckv2hrpnw3sdxs5q3mg4wk04,0.1,1633961872,0
cosmos19mgdtcl5zrq24vckv2hrpnw3sdxs5q3mg4wk04,0.1,1633961872,0
cosmos1yce9wg0v4075wrsf4e92alk54jcamzfqghapuq,0.1,1631443874,0
cosmos1eg7zs5xw3pyhutuacuux7tgn9psqhc75jhqctl,0.1,1631881509,0
cosmos1w7shew87hkku9lgpxe2k8l550cusv3trdq4f66,0.1,1629269608,0
cosmos1kdys263q3cmznzuzvyc9u6phvqls9tktdes4h2,0.1,1636226637,0
cosmos1ms3pk0mm0wrz3h63fvns7ye30xx70wjaua4q77,0.1,1637877954,0
cosmos1xayeud3macg56yf0y9eqfea6qarw0gfv75zdze,0.1,1633882727,0
cosmos1m8kuukjn97uk78hv3c548z46y3qz95ehh52s5q,0.1,1645477858,0
cosmos1gdpjl4m9y85kl6dkpnp238w3hnenly5petj9gv,0.1,1635201730,0
cosmos1u7jreaaaev7dwngtjuktd33vjz6c5gkxcnwx8k,0.1,1629424821,0
cosmos13damay6vv4p6qr9rljcdeksy2rppqjgdgn6pmt,0.1,1642737402,0
cosmos1tpk3g2mwerelqj85jynfhtvrledk7vxsedenzv,0.1,1634205062,0
cosmos15eyqs52zz4hpdtmlmv5g2grm4xa0984msnels4,0.1,1645733145,0
cosmos1ew4c3260jf5knvyu4ce6hdzsdqurlpufrj7mem,0.1,1631525393,0
cosmos1phxjaqc5a805dp3zf5e2q7h425u94r9zn6m2ag,0.1,1631930804,0
cosmos1yed9sq2062gqwhzvtq5egytu328z4ga4t556q5,0.1,1642732818,0
cosmos1qudhkjrjas5lw696gyzr3ydt86vezmzvv08n0k,0.1,1636684866,0
cosmos1vdqw66g7rnjdms9yvcpqd6as6nne909wj3tqd0,0.1,1634271644,0
cosmos13ch5dzh7zygej2jz9c006shl4vdt6c47jk7yy3,0.1,1634020260,0
cosmos1qrzuuvulew2yzhndk4qtmjpeuz3njwc5zws53a,0.1,1641813525,0
cosmos10ju60tetrwqu9yhkyhnukwjfg6t0ukm0y50qr3,0.1,1629258013,0
cosmos1kx27a6ll50scw45mq9k37h3guez9t9nxwn5yjn,0.1,1632236275,0
cosmos1yzuqcvzc5ac76mml6nezguadn94jy8jjs3hfpj,0.1,1626008753,0
cosmos1ydvz9ap6ukxhsaupv6zstftyaepwv5399szt4p,0.1,1640527856,0
cosmos1hjsskrjda495mjdkpjqmtw9f5ssr7tkrg5uf2w,0.1,1643486207,0
cosmos1q9hvauwh8crtynxwvner945eh5up6k5gu9cejc,0.1,1632320301,0
cosmos1kk6zduuqq0dr3h7g99w0laal4njntnn7m8j37x,0.1,1631369868,0
cosmos1fqa6v4wzl5cpj0qau733vlccd99xfewk67nxgm,0.1,1634271709,0
cosmos1p79svu4y6farp9zwz4026wrk0v4yp0fns6ly4k,0.1,1629265483,0
cosmos1760uf4j29el3rxvw4ty87ds6h8q2u9xn79rkpn,0.1,1634205545,0
cosmos1w2qt9m3cptwnlrpywqjf4mf68g26pwtp9c9cw4,0.1,1626007970,0
cosmos1q640ueqzx397hupysh6eyxx6p2kz5d5wqxvjf6,0.1,1631500560,0
cosmos1ztk8k8eaz43l7m23zx6cr034sf76dnvgn3q6kv,0.1,1629259191,0
cosmos1tt2gyvasggkcgxdmugt2zwpev67dlvhth06gdc,0.1,1631719977,0
cosmos1ydqw2mahxnc89tagq8xytwx3yyll4kmk4fww07,0.1,1642771015,0
cosmos1xh3r8ng67kne98rlrc883ful2rtga2vqw0082s,0.1,1634415087,0
cosmos1u750yhnf76dcfy2tng9w8psh3a7lkh582x69q4,0.1,1632355179,0
cosmos1p0nlm0wd0ra56e56tznk6z9svs2nacsvv6ww6w,0.1,1642837400,0
cosmos1amdmm4x4zhjn7qmcjqh2eu9c26667dyqql6pr6,0.1,1631343253,0
cosmos140d8ufv598k0508zz7ccrhwuz8mjnsq6nkkl9k,0.1,1633273417,0
cosmos1hf09ly7zfw4vd5kenj9w34dhuspkpnqeputztm,0.1,1631286167,0
cosmos1dfncqu0rs4jceek5y9rhcer44kpyhhmwsy9hxv,0.1,1632148498,0
cosmos15u2amnuz54fag287xz3v98k59hmardkjz6kdrk,0.1,1642807008,0
cosmos1w7aur3yf77hs398xch9er84msugrkw9a8p2m26,0.1,1631793187,0
cosmos12e3u77y4caujhckrkf6w9x2qx53he2484lvdrm,0.1,1629257365,0
cosmos1372nuw3anw4xhe2d0f9hgdwsnx7vpwvtacryj9,0.1,1631880501,0
cosmos1nydfvmugja69h8t33er9f3rjpcwc3rg5m2qwaj,0.1,1634290456,0
cosmos1aqds9q8yu7ckjsxukmhqamdh24e8z5cpa9cmyw,0.1,1629188674,0
cosmos1zsukmnpf2nx7xtscgqrlcecx770d0zzyngfvtc,0.1,1643945742,0
cosmos1ja5npdlys27frecy9us3hp2h9f86emzsreyvdn,0.1,1633961519,0
cosmos1ggy8lzutwpv26u8x83fw26zl55s9exsn6uxvgw,0.1,1631590481,0
cosmos1d0ck89ypctv4prs6gs4rz695hrm03ez2zdngn5,0.1,1635202319,0
cosmos1nr82pn9ktwsvcxerthcla2waf9ztnkzjc07ald,0.1,1629187480,0
cosmos1x84xn5zpjgeugs0zw93f8s489cfz8t638kphtj,0.1,1635681591,0
cosmos1582ay2apaar063mpn835ty5tcl9rzm733kcldp,0.1,1642768303,0
cosmos1rvmq4k27pvc9xjyj69wd6r4z9mrkx5q78c85df,0.1,1629260099,0
cosmos1wfs4j48975hz3vmdkkn73rk4e3375ftl0v0me7,0.1,1646193877,0.1
cosmos1rhhk93luzchn54vvpr3uwyetymufq5926q7l0m,0.1,1629269680,0
cosmos1lnhesevzzwzkwalye03rg9e4kh0p90cr90glg8,0.1,1636227844,0
cosmos1srv9d40t2rea9hyxm9ay2vaeg5u2azvsj30n97,0.1,1631287819,0
cosmos1hzvtdkgp5kcrg5w5q4d0q6y5y2pl8k4ejhg4ns,0.0975,1640285841,0
cosmos142y4vp97qjnvpvhvn2499x5cvnejeh0944zdf5,0.09529,1639561737,0
cosmos1305r8c6mx86jslyen9ecvv29dr6qlcjwm072cd,0.09375,1640720536,0
cosmos1rllnwq25fq6gtj4vfzxqf6la0g885mxk8wn86v,0.0925,1636816175,0
cosmos177qpv8u9wg6c2wwmghrt95y8p7ql8jd3q5fjsf,0.092224,1642794451,0
cosmos1jjxxhvr38etf7vq5tn4mcj03w2rnkrk25y77r9,0.09,1642791817,0
cosmos1npl36enusx9hcwzxhzzhuvr0gqjyhap5jpqd0z,0.09,1634126081,0
cosmos1z9c6ur2pmdnafs654zrpdt3g005mn4gqgpgxwl,0.09,1622470971,0
cosmos1kmrgyf8tm0kl88yed90wu0kenutczgmvs3wg57,0.09,1636512363,0
cosmos12val5pugu2ehgv99u67ghjahhsq7hwgsxqczm6,0.0891,1634403644,0
cosmos1g0l3mqe6h36a0xccy4z9an7ht7fzaehkwxjywh,0.08375,1643913245,0
cosmos16ddwwc0c2w7hph5g2kkny536tjwsjxcvl7h49v,0.08125,1642061213,0
cosmos1es5ecuens9a08w6ake7x9rwt8r7ljfj9nngamn,0.08,1642771884,0
cosmos1xktxwlkqjtz947uv0wr37qtst283fz8r8q2q57,0.08,1645971645,0
cosmos18rtnnnhlrjwks0ur2w9r0cv4eurd7jql9p9zjv,0.08,1631910201,0
cosmos1xd9sksw9ry6r4dd9z5rsj5kdqvvnumtt4yjm80,0.08,1642315257,0
cosmos18lfxfpcuqetx93922906rqn8r7cslyf66dl3sv,0.08,1642772280,0
cosmos1a2xfsvtefznh6tvvger7c0k4rwm6qm9p70754c,0.08,1635092371,0
cosmos12cffegq6swczqhrlkt42zs8ryeedwckj9r984d,0.08,1634438218,0
cosmos19842grqc863jz8cj3mgcqru2wccrh3tgsgzmqt,0.08,1642828568,0
cosmos1dhulffasp40dcm047jveql8t4nmr9pns5wdp2m,0.08,1631676625,0
cosmos1ywpp6j2wgcq6a5p8nnesmucfx9p560x7a25v7s,0.078318,1643156259,0
cosmos1qqqfxcu3kkck8gd627y2u32dvtgz3qwt0t94nf,0.07,1642789633,0
cosmos10vetls2uq3uyxsrpg83h4qp9ccwd8dgwhsg3me,0.07,1642775506,0
cosmos188lut2kgfah2x6kp8fuchfn5p2n9h7gtgakzl3,0.07,1634388501,0
cosmos12myfy0n6k920zmk52hzrr5wuypv3t2nhmc07ku,0.06275,1645838358,0
cosmos1g4zdpaeas99a9l9tcfujf39lghjurmvv59draq,0.06,1637198214,0
cosmos1uz04kgmhde6da53hxa300t8fc0c99h7lpzqs5p,0.06,1642790089,0
cosmos1yn70f5leel8adl0vs4w3qmn50gpas97tnsgmmc,0.06,1645093665,0
cosmos1z0nv6y3fzkhu5jr9lcy2mte3hq0xcpcrxcevff,0.055126,1642788594,0
cosmos1a8dm5pdkyqmqc2r0arj8ssne333jnw6nmxhpka,0.054,1625970807,0
cosmos1uh6su7j056vh7ul326tksruv9gz6ad2ddvqaz8,0.05,1635322400,0
cosmos17z4mz7knrnahq38fve6cv78ahsr78d5sqpkyq8,0.05,1634211660,0
cosmos1yrr7yczlefm4n3lmtwh6t78yng540kz4melzsw,0.05,1634233298,0
cosmos1mkkec8r7h2fz4vcc3pzxuxpk6lv4e5pc53vne0,0.05,1634254608,0
cosmos1d2tqdfmrux0wegz0fcc0u7geumsu65a3u0rmkm,0.05,1638837682,0
cosmos1p72e4fvw80ug8ah48v9z0v0h35w8vpak5q40eq,0.05,1642777300,0
cosmos18mthx07gvwhl2nqzjg8fyhzgl788chsv4nme8u,0.05,1634141117,0
cosmos1x6urf3w26uw2juq204wjlwzvsyd28sak6wj6tf,0.05,1639179698,0
cosmos189fzu8gu4f24h5xd8keqcl95jyrpq8xn8e7uh7,0.05,1643983701,0
cosmos1htfhkx6lng4a86cqxxk23nh42c4k8znwh0qxdq,0.05,1631353688,0
cosmos1724rtrcudd7qzqpcnu5wclp7ht77py60dlfs2w,0.05,1639167695,0
cosmos1tk2hw4n22za89gjyth4ly77dmc86zs76r2pvjk,0.05,1622676727,0
cosmos1fau46mxpljryvxm67ptaxhqyde7wgkmk2rz234,0.05,1634576613,0
cosmos1aacfcpd3p9vl3lk30yu065zyvgx2v7udhzxkn5,0.05,1634770104,0
cosmos1qsavjhcrupgjma4sjrtug72j5nsjxyatwzszvg,0.05,1635168549,0
cosmos1vsj8qdjzfcy7jhfauz4nz9dklphygq7cqa8me7,0.05,1635082295,0
cosmos1y0jzqdpxw3tk3qzxulqadn3r32xkzx78g342d2,0.05,1634868427,0
cosmos1yl65vxj0r085xhkyyg9l38jc6xjhxv74ktr9ap,0.05,1636718725,0
cosmos1mz0mvlygns7g24f5vpu0tdnu5d5jls5aml0xvw,0.05,1629820807,0
cosmos18dc02g4mmzvrhm3802k23c6cua3ce55y593kee,0.05,1639238011,0
cosmos1ty8wynx3j286h0axel0gjvs6z9jjcekxv4jk84,0.05,1634833108,0
cosmos199qkyfxmlstjlm0pvkfkjweu48vv5x5uvwmfum,0.05,1634139055,0
cosmos1mga5sp4kvxee7kgv5qaeun8a4sdmhndwc4r9l4,0.05,1634655500,0
cosmos1et8crhf8xew2uhxjfngmvvk2dw6epf7g5v5l7v,0.05,1629662655,0
cosmos1pyr3mu2xyxxjdlvyvqqaljr558ltfra8rq39v9,0.05,1639224706,0
cosmos14qs9dftsmn8u9v5uja3fplemqsl29ufd3uq2h6,0.05,1634324353,0
cosmos1zty98e3ps04kuv9w5gah0ydmz9nujfh8hmrhv0,0.05,1634224103,0
cosmos1lv3p64kv6zwyz20kh9yw5sj7gh2xpcvl793w8a,0.05,1631012965,0
cosmos19ycu6zt5dlm3yw3207f36pfjs0qg9wv9qg9lzn,0.05,1645264600,0
cosmos1lc4h7y7v8skwst266fcw5pdjr7ge4gfa70d9u4,0.05,1634371178,0
cosmos1tk0h6g2pncs7zwpeg90v58znm9m3nrvqgx86ax,0.04876,1643750245,0
cosmos1tlhp4d83krhvuz90lrkla5jyw0r5xkudkfe37h,0.04385,1639240058,0
cosmos1r93hnvvavnaur40zm9gl03n3f40ccjcvrzsep3,0.042759,1642762380,0
cosmos1wwh2j983fyej54tpht4z0nsf4g23hn7474ur7k,0.04007,1628489682,0
cosmos1dryp0kmfr4l0jedj0fq3pzxkgeta630k8hxx3l,0.04,1642789010,0
cosmos1drphgy34yn0st5xd9kmzdnng8drxz63gtmzujt,0.04,1642822214,0
cosmos10wlad0e758h8dyq2n5pqhavhx6rqqa6rv39v9q,0.04,1634714985,0
cosmos1ad5g8sw9jfsrn0yzm3rkga0wmrajxq8rral6xy,0.035775,1632175739,0
cosmos1f2lgaxnyjgehvqjcpyq2w0qed06ywwazxevlzh,0.035,1634374772,0
cosmos1qn3jrzap6z5ptcfp7m62yfq6vx4l8guth47nak,0.033278,1642821639,0
cosmos1xmfqrefmph8ay8t0k5m4c9w8djtekhaut2djfn,0.032,1634399323,0
cosmos1cxp4daseja0e9v8x34u59klzpg4u6pxznsuzvv,0.03,1631488224,0
cosmos14g9lpufcccf44kuc4g7u8rvj42cfxvw4qpqsfq,0.03,1631614208,0
cosmos1xwewvlh28qg7t8skzcxg2vt58pnz2m7639rx43,0.03,1634400505,0
cosmos1ntfzwc7kcjmcxaeax8spr3szgn0ufu43j5sn0a,0.03,1633337160,0
cosmos1lvnph3zdlvsvs3wqsxpt22g3n2aqdh500mxhz7,0.03,1631612910,0
cosmos1fsgk53x22s4ks2d3644rzfecpa8qfjxlq9an70,0.03,1642786137,0
cosmos1t0tq6fwy0lxxuzgct6dj6mww6h4pfr4fu4jz2s,0.03,1631613884,0
cosmos12emcadpmjsru9txhxmpfwlsglqj6sw0x0etl9q,0.03,1631612786,0
cosmos1y0acjy98wuwpsxuqp4c5wuwfh24k7aswvnw8wt,0.03,1631487845,0
cosmos18ha4nuq3afgm6x2v3ffgt0sxntk7v96kfh8at9,0.03,1638970453,0
cosmos14usdnxslges80kx7sd9ydg6mc0mezwzznvugm6,0.03,1643250607,0
cosmos15rg22vmkplmv94wa3cp2n02sp3hss6k74h3xxk,0.03,1631614392,0
cosmos1742f5wgfp6v38c64m66mgq8at6mtfpzvgccctp,0.03,1631613284,0
cosmos1ue9k2tdfrcl00323td5qknl8ams7x9zpdq8m96,0.03,1642761669,0
cosmos1tqg4a3c64sg3955j99l7u9lvha0ay8gmpcvgtu,0.03,1634297149,0
cosmos12vz0efev7laym9rth9kndkxrde3kvkyf69gmgu,0.03,1622646331,0
cosmos1z6udkp3msw7twgg3hufs03pw4wld8satztr74j,0.03,1634790066,0
cosmos14rlnqwdazvye4k4gxryq3fkkcdx8fesm5jg97j,0.03,1634126697,0
cosmos18g8f8t0xzcut8zc87fvcq2nk8ndlxzg80fw8hu,0.025,1634696392,0
cosmos1qvmw4qwg566322ns0krcf8xgrsfj07px5gwkm8,0.02375,1644349689,0
cosmos1m2am7vwgtvmc3qafceu6uv52leedspv3a2gnc5,0.02375,1638935722,0
cosmos17xxh6flqpz3ha6fe26qkaepq02k3tfl44jhuhy,0.023,1633257758,0
cosmos1jjydgx4ts9yslg9jlw57uqfpj6z0qqjv7hthqq,0.022,1633966509,0
cosmos19hd2sap4sk8nj5v85u65336ldqd70uaxvtj7gg,0.02,1634385934,0
cosmos12d2nj57h4523g8jpqvvh8lfcu34zkwh4krg9c9,0.02,1642775229,0
cosmos183fd98tjtrt50akly2uzcj6vn6rpyclscwthep,0.02,1631613424,0
cosmos1nrjqa8ka3xytsef3pnxfh2ahhtzrgz9ua4kc0g,0.02,1634430996,0
cosmos17sge8y36j540hgmapdyceuxffzwgdjygw56q9m,0.02,1641874141,0
cosmos1p5g7rq8jqc60d440ch8vk09teaxh2jeh3d3r2v,0.02,1643194760,0
cosmos1uaaxcxxsn3ccseh436yxc26fjsemyh2cuqxt82,0.02,1634463719,0
cosmos14lvmpvrmxn6mdgcq70hh4wyaqy8r9f42r67q67,0.02,1631613132,0
cosmos1qktmq5tv397a8pqrxwvuhv0atk70x8afta8u5n,0.02,1631348474,0
cosmos1lcgd7phe9f8uxav9pgnhx22x6m97sl7lw4rqs8,0.02,1629506542,0
cosmos1455wwhehl308phrdvrwz8wgdc6h7z7lru5qqgm,0.02,1634405273,0
cosmos1fnwwxjereway0hs2a0rrs9cke6n5r0w3vnk8fw,0.02,1631344050,0
cosmos15av7jh5509e2wwejkq3u8rwnujxp7zwawtcqew,0.02,1635219736,0
cosmos1murka3xhqpwkeqvth6ae5c5rdzlnqv20t2c3mn,0.02,1642784164,0
cosmos1j0atcr4a7n36gmny83fwz5qm53e0jc5tjq4ey2,0.02,1634181372,0
cosmos1fghdr37axf33esxtc7kz2wjkzk3dr60ldh5m4x,0.02,1631347398,0
cosmos1xpyglnn8m2w270d5ttjd7muk6nx0lpnj5etknc,0.02,1634977332,0
cosmos16nwpmd7smulgv00yt6gg6x63gkr5mygnljn8sf,0.02,1632105112,0
cosmos1he4c4yz0jjw2m8mwlvm83kkkd9mwwagrstxdxf,0.02,1631336170,0
cosmos1z34yf9tdxsm424s6gpdswwas3h3l083zxufx88,0.02,1624367840,0
cosmos10ueqsq6w5vpjngtaw3dsz5xz7ge80seq7c4av4,0.02,1631331213,0
cosmos15vkm7ewcse9pj8zm9mr36ufx3v7zwwl74hwtph,0.02,1642820367,0
cosmos16edgtfd74naj0k66j6rg548duygfjh38ru3v8m,0.02,1634394401,0
cosmos1029tthdjaj2fp5re4dlee4wkk4x8lm0v964lq4,0.02,1634388691,0
cosmos1wsklvghlsywfg85m9nm630p2utpfc2vtax8pvj,0.01875,1644095258,0
cosmos138qw6223qr06fgmew4efdcdfrl2azmus3g3hyh,0.01789,1633850330,0
cosmos1rr43n6xtt5emufq8ve5dp4g77sg9nhgdcg7kwm,0.017,1634480070,0
cosmos1yskd9dem3hs9ht6d09n95647sahmz6xkspxpur,0.0165,1642801504,0
cosmos1z6yvpgjh50wl3v5kx0mu3gmfcax7s5vekclcwr,0.01548,1645202431,0
cosmos1nd43nyfr8p9vvjgck9n3r390jxgmqm8mkev3m9,0.015,1631778276,0
cosmos103ah9fmd8xjyrcyz53zl59d3zgdgf9rz290gsf,0.015,1634403106,0
cosmos1ruyy9cz87q0ev4kgaau4aq8x430zse044mjg9g,0.012486,1644007418,0
cosmos19nught89rrhan7nlew9ksjtf6cr5lqym5595sz,0.01233,1634392294,0
cosmos1nx4hvg394nh4m92klt0lnvgqfyglgnz89cdlm3,0.012,1645898256,0
cosmos1k6cwfg8q4pz2jdu024z07alfwtnyye0mse46yq,0.012,1632926575,0
cosmos1ndmn4z3mdu9uzzq2ykknlsa8e9rql5z5ftuvpv,0.012,1645898604,0
cosmos1l0qrkuv7ltwaygkmuv2pyahp5qks707ang3cvt,0.011,1619693296,0
cosmos14v4cdpce2p3llg6ugm2mhzgphgxlx7pzt2800n,0.011,1637942357,0
cosmos1kmsldv8hecx9fl2nrm25ps43ny0r5ad9u06nuf,0.011,1629531998,0
cosmos1xnpk2kxqfprhzf6ln0jazc5kute7ulyjnrjnrk,0.011,1644833025,0
cosmos1h02y78l38885g0g803cy5ha6ndn244zmfqndr9,0.01025,1644336707,0
cosmos19m0q6g4v6amm5dwdx05ek6a7cs203jnyx6gvl7,0.01,1631356211,0
cosmos17vlslge06de922azurs489hjt5smqwdd00k3h6,0.01,1631589396,0
cosmos1z5pgrdc7wgr27hrn6kenju28k0tyt7mah05jpj,0.01,1630036478,0
cosmos1ddstfglc34uhahsfaa76z6quh5dxrajr0djmw2,0.01,1641848886,0
cosmos1dam0q56qpfu2u52kj7d33ezlvlwpyzz39mvl7d,0.01,1633384612,0
cosmos1qgg7xrqlqwkyuns4wp307p8vzncd90x878a702,0.01,1631359479,0
cosmos1u5dmx52mnp0llep0ur8j9ta5kqzhgcqmdywgcq,0.01,1631329382,0
cosmos1pprmt9x2z9kcspgnelvfueqarujd6j66nt3lxw,0.01,1631593784,0
cosmos1nvdfz009j58mkaqfduma53zsg3ew5v2zk74n3p,0.01,1631279971,0
cosmos19djw7v6w8w66jvnsf5sjhzwvrpyfjfhedwkcg6,0.01,1638368861,0
cosmos1cc6359wvh947e0llvm4e6fkvy3afqrnlt0e3tl,0.01,1631330249,0
cosmos1ed93a22q9y0vmnx27thw8na6mzfnjjr6hn42gn,0.01,1631282065,0
cosmos10sjsp5h4j6j2t7mua6pyj7q7jf9z5xkmfh02t8,0.01,1631457906,0
cosmos1eps0l9hk4th6sh6jatl0h28djhv0sssqma9gpa,0.01,1634296873,0
cosmos1lfl3vzzgrvwx7qxhyg5uwud0hnnuclwnx6qqjl,0.01,1631277099,0
cosmos1nn0362h5w0mt3u8lcadg2e745huyz50glxax6g,0.01,1631601187,0
cosmos1v2gg2fgcehahajljqq5zju3wj8vxm85yxtkq04,0.01,1634296885,0
cosmos1v4gc68gylku6zaan4rvt243xt7u3uva8dwmq59,0.01,1633943842,0
cosmos19uzqrtxnh22cz0rvypckp3w0epcyjkqgz6grvj,0.01,1634449393,0
cosmos1ufl265fgvn74e93u7nlh5xfte9dxmhn4n83e9c,0.01,1630040084,0
cosmos1nkyk0v6wnfnp85ea6q6vlsyktug59qs9a34q2z,0.01,1624537567,0
cosmos1p2jwnkkc9sup304gc3tpkhc76gfstps9ps9m4a,0.01,1630482550,0
cosmos1l3wuxurwhkfev4nvzqjazes5jhfaz95w4w3udm,0.01,1634829222,0
cosmos1v8n9a73fvpxnpfm8x0fpqdh3g6nwv7l9crph0a,0.01,1629649463,0
cosmos1eqpj9y744cns8wshk2t6n7acpszl0wlqzavxfm,0.01,1631345578,0
cosmos1uhsxjjvrhxwxlkrh95x6gmlyzr9huevpwk8waz,0.01,1634388357,0
cosmos1ctzpa6s63uht8u40cp9cepxxn5zr8tguldrucx,0.01,1643439910,0
cosmos1ne7m8kfdsuj6m483n4ekdnw98k87xtdkexylmy,0.01,1631354993,0
cosmos1h6a2qhvm7q6kjqpfhtyjpayjwcv9urpuu8c9dk,0.01,1624339617,0
cosmos1snda6ucv5xnjly4pnuqhyjz3z9p0g6mvl298wa,0.01,1634388757,0
cosmos17zvffep6n2xasz6gvul37c0vqvx9ac7sh74lst,0.01,1631355304,0
cosmos1mf96v05j3npevz5h3rxfajwllkrqu5rwj6a9p4,0.01,1634214408,0
cosmos1qy8dpfa6whp4ekhxdrkgsd2ny2gscglhnfeeda,0.01,1634383590,0
cosmos10026n900pqp8eezqqevy80qrs5a9v74h5tsznj,0.01,1631281653,0
cosmos1x06klh794xenny7vz3wp30nn8zulxtnx66rn46,0.01,1631590034,0
cosmos1mrur95xvl6dpkmnha0ug0j9lfrsa22xaut93cs,0.01,1634240459,0
cosmos1j5dzkg5x8rcrvmzpllqlrsgft0607jt0kagp4l,0.01,1630036945,0
cosmos1sgwustd4ck0336544p5felnwaeskurvwgfvjfu,0.01,1631278633,0
cosmos1llxf379nszpsj72y8p3hudaf6aml9cehfvafmj,0.01,1630039625,0
cosmos18yff0k8dldeyzms67kgt0z77tyge3x48se6v3z,0.01,1635357886,0
cosmos1f2wzqwkawh2pcygdmyg88lve7cqynctsr3jnue,0.01,1630034725,0
cosmos1gukq6tu59k7e05qqxn2ydh3e0qtwd59yqsnw5r,0.01,1636541218,0
cosmos1q45er2axeckd4awt7ey6vxsaar42ts3tfgwtwa,0.01,1630035524,0
cosmos18jlpntse9gacy3xjrqu5c3vachzdnhjyfp9r8z,0.01,1631506825,0
cosmos1epsgwyd0832vhy0nu5w96lpuex238mdqp6kzdy,0.01,1643876166,0
cosmos1hq4mlrvkckejg7qql2za3j09dl5dhewzf0jlew,0.01,1633949168,0
cosmos12mruuj5xq530rxkz48wuf56zdmx9gqrfwpwcjd,0.01,1631629659,0
cosmos1hnpjk4a2er6euecr9z44l8tj7hd6r8ra0tempj,0.01,1635358167,0
cosmos178hh7jx0ytra8sw6aetc8vhf6j7ym96ezm09sp,0.01,1645897803,0
cosmos15gl9v4897k9vtg90qxcrel6eg9u03dmh93d6nn,0.01,1636647881,0
cosmos1t3d97r9xf82cxzqgqa4fjl277gp3wejj03pgcf,0.01,1631280295,0
cosmos1f0t962uv636l70fsnmykh563tx6etk84ws0w0u,0.01,1643077783,0
cosmos170kmqlgq0a97tns6ec5j8hpnsya8t6l6vskej0,0.01,1633929824,0
cosmos1uml8etljzderswf8wk3yd64w7yr789vp4j90ls,0.01,1631719612,0
cosmos10gtvd6fjczxh4u9wqvvm6ga4k5qpr5ap7clqz4,0.01,1634806946,0
cosmos15f6r0hj9t7qdc72msftnqdpth562x25v9v7455,0.01,1631279405,0
cosmos1arlugfk83lfgg0jfegw7h7xhfc85ksk0l94kn0,0.01,1631498199,0
cosmos1mwj9rxk7n8gltr2jgxld4l783j74q64etqy6e4,0.01,1634058219,0
cosmos1ee37pfhg8zzl62ek8g9ya33wuhqgdf02gvmqhv,0.01,1631346568,0
cosmos1jhv47ksgd98w2e2t74z2vegj9rvl74qdast86z,0.01,1630480328,0
cosmos1nznsf3rnw245n9gschaz30jjdauqzlwapwj9f6,0.01,1631347689,0
cosmos1lx0yvss66z69ptmfq5qgqcmtsfrt78dw24kclg,0.01,1631330636,0
cosmos10vgh0pm90xasyuz9xry7rzek9h79yux72w0ypw,0.01,1631282343,0
cosmos1z2q8xek8xnqel58at5hegyuuhfen70v4yz75nj,0.01,1634405651,0
cosmos1yxaagumqfg36fjk2f92g98lz0xhys9s7k97fpc,0.01,1631595229,0
cosmos1khnlcnm7rx4dfu08440gkkdtyqgpq37qkpttlk,0.01,1631360265,0
cosmos1xxd48tajpv8rwspnksuje7g7z0s9qkl0pp2qnc,0.01,1631338519,0
cosmos1e0xz995u9zrhywwsnqj64uwakfsdrq67mnqeh0,0.01,1631361390,0
cosmos19an7qzjlptl7sy44gvqgkasldag2k8wet7jqd8,0.01,1631435974,0
cosmos16s4jz0jz5r7ekuq9484netynpl2jsgmmuz4let,0.01,1642564932,0
cosmos1qdwpkfl7wv7t7ss0ya4t8lgrtekxh003sulf87,0.01,1629982170,0
cosmos1xxgsrq7jf0gag9xfpavfjn2jdcz6tp39626zg9,0.01,1630035992,0
cosmos1f5f9n4592559mqf5sht09pdyyr74wm2utcca7k,0.01,1631339822,0
cosmos18tpnl7xjcnh6rk27w99qkz3d7c6rddg2acj8jx,0.01,1642777404,0
cosmos1vkeheq24jp72gd8m2k95nkc0lewvzrkccp4z6l,0.01,1631339315,0
cosmos1gva28ajsmrvatjsmk2s2aglhcnmgwjddvvfzmz,0.01,1631281113,0
cosmos1qxp5eumepyas9c0v4qwwu0lq9mquv5dxkj3fc2,0.01,1631332034,0
cosmos1hv3yfws92ptktc7k2sx25jjays7w7f59s9g8d3,0.01,1634388973,0
cosmos1kjletqqe43szszjyg29kqn5dgyvke00l94ms28,0.01,1631280657,0
cosmos1ua67yaj64v34uf3nhhj56lvmwkj4gga8x5tsv9,0.01,1642778385,0
cosmos1l9gd9nh9z5v5230kxngvz7lnwhxpqxe8rs2dec,0.01,1633884477,0
cosmos1uj4jj7dldd8n8pp3gxeedrd8g29w99t9zfj9e2,0.01,1631329764,0
cosmos1mrj9aqtxs08m75pyyn6k74xuqpavrz2hang03w,0.01,1634406637,0
cosmos1pqtczqd3n6l6zlf5xrk9tmjw5mclzh4zpa497c,0.01,1631332380,0
cosmos1qpskzr3njpxvvv2e6el5cnqzws2wmyxm0kh0mj,0.01,1635242716,0
cosmos1446wse54jrdc5656v0e9fcydr44xzhkqskduwp,0.01,1634388647,0
cosmos1q82qmkt9qcgw5wxyky9wrprru6q4ygtqyrpcpv,0.01,1631360573,0
cosmos1jjnzgcht3930hy0g3vlrr7vc70vfzju4z7mjht,0.01,1634054669,0
cosmos1g5ynnt4qacrx2p726rpuxyq42kfhlqyvuedrwn,0.01,1634373030,0
cosmos19zh48tgwyakrrr7zdmjxt7fyrpakjc7nj2yufw,0.01,1631331504,0
cosmos17nvzyg4z0zv3nzd28pas986e2up5fsdx657fmd,0.01,1629982664,0
cosmos149mear8e2u6ndaqqpvvml9994em8py657awtd3,0.01,1631344597,0
cosmos1uupqps8mr34ydaa8xxfs736fy2qqvd8t48l95w,0.01,1630035180,0
cosmos1acafcdcezxlz2p7z8thwl7p8fgu598jy0qzgnf,0.01,1643893406,0
cosmos1598ka5vzq4frmp9sn7cz0fn0ud2ahvdhhxznyd,0.009,1634207574,0
cosmos185x3e0936k9w2rfhz49xdx6e99z3hx2kaa2xvh,0.00875,1638849925,0
cosmos1ua9j0p9d765e9sqrm3hq5ajmgdd7yrgm465lnk,0.00875,1638878613,0
cosmos17s84f58pstvhcudyyktws7qyghjkpnp3aphjkd,0.008,1642770904,0
cosmos1s9y2008p7wu88ac6qghn7gqs8x4vct79kczgq4,0.008,1645898466,0
cosmos1krtlj5zlajj5wss6q0zzypjjy693lxhmzrcht0,0.007,1638368744,0
cosmos1r7ekmcs6g5nx8352snrh5exsptkrpxqp8s0su0,0.006,1631816128,0
cosmos1spjt852e6msxq58rp73tdjtrfkx55274k8h0q9,0.006,1642779583,0
cosmos1dpp7z9a4ysc55lg7zac4edz4z0qtmlf6v2y86n,0.006,1638368676,0
cosmos1v8a6z8vkx7spl94zy2epq4pkzzmnq0y78qtkjy,0.005,1615966511,0
cosmos12p4ygghq3dx5m89vjusk4v532kcek2vk3mqclp,0.005,1632194762,0
cosmos1ns6rg49lr3rqtld0n0tfey7dm2nhnwrakncu8e,0.005,1638368788,0
cosmos1r2t0r2uq8u0uj4see409lf880qh7775c3geys4,0.005,1632193284,0
cosmos18jkq8aws4e53qanhyrxjstdzmp7hee6jmaw270,0.005,1632424301,0
cosmos1hnxltt3tm6mp9at39v2nlwqmhy8v9wnkvy2dwf,0.005,1633791198,0
cosmos19w9dnyv64rr744rsafvgxswkvapu3nfjmk4a5c,0.005,1634112667,0
cosmos14uzw8qmysrfle3hzzwf6glmaszm7tsq6sfhtkn,0.005,1636794170,0
cosmos1gfevqhfg0cy5q5a23sdl30anr54mfx68tw8sss,0.005,1638370146,0
cosmos1nmtrg6945kw48cz9uma0dza2xs0252pa3v8tec,0.005,1632123167,0
cosmos1aknvpkcfz5dktc76vwp57v033s3sgwjaya62we,0.005,1632992870,0
cosmos1txwkme7qdjuzxw2kq0txjxgeq57l2hnuu62edx,0.005,1634210039,0
cosmos12x0c5sg483kd8rx7yr0j2tkr9zstrutqexxxkw,0.0044,1634637764,0
cosmos1hm9rj2pzgstg24r6aggfhe7r0ptlevuxga32wj,0.004,1634315427,0
cosmos1x9wncpp45hwywkatw2jrjjcg25372ekq4v6yee,0.00375,1645548532,0
cosmos1ahsq8hmru00tn0prmrxklaq40mf290avgqwm39,0.00375,1645287325,0
cosmos1vldw57jtctrpl83cxsppeg9dkg3xvs0yr2d2u7,0.003133,1645062863,0
cosmos1dvp56mqskxnxgy08fa9qyup47z0cr5666zf8ca,0.0027,1636047238,0
cosmos13vcnrphezndw0xxemeqda2qprq39pu0994qnru,0.0025,1632903045,0
cosmos1reavllts73rs7pj7fy0xvrsawwtv65mrsh0ae6,0.0025,1632393177,0
cosmos1pfefelkeu967wszxzm6zhpnw00ksxrmmqy54rs,0.002133,1644509466,0
cosmos1sw5pwzujzdeguupnzanx7zdrt6h87h9kgazwpj,0.002,1634224976,0
cosmos1j4xl9y2smxatwkmsj2adcajc2rxkvdhv808t6q,0.002,1634312181,0
cosmos1xlz4zag4d670mqwszjsmr6sa6s2rqn9q8z83ar,0.002,1632123076,0
cosmos1hlw83emx3zd2st75af986hj5vvqld89nzm97ps,0.0014,1642946395,0
cosmos17ljym0rl7yspues8dquhxyp3ztaaeyk48snnm8,0.0014,1646023813,0
cosmos1v0fnqj4f9s7ww77vjfa9hakmqdhwva7afgvsht,0.00125,1639562222,0
cosmos1vy6ejmm0csmqxcy30gacs6wmzppk0k4dlakaf8,0.00125,1639562180,0
cosmos1yvvfnnqceaqeck327z0gur2mx0lkdx53veu75k,0.00125,1639949032,0
cosmos16zmhn7zw4y80elc5lw3lwdkzkmvf86ffewjc2e,0.00125,1641140125,0
cosmos1y4w9vvuedzwmyy4dpnxyuccwumke48q7d9y5cu,0.00125,1639562153,0
cosmos10js4p3pdxxzqjkpj9nulqdn7l3atvdg43vgkre,0.00125,1639562125,0
cosmos1qrfj6snckn28qden7h07xz7u3m6rtm2p43nhx0,0.00125,1639561957,0
cosmos1u7hpfwyped5n65krh9ajq8xssu28sm2hvghv6v,0.001,1633866287,0
cosmos12qvfulj9lazcwcywl02tsd9m8yaj0wwver26g6,0.001,1642674003,0
cosmos1nsyruhkpvk8e92a7yqrwpztwsjqdwsekwj9y69,0.001,1642668293,0
cosmos1sa6ffkwlyd8tqdfa6y7ghmr2a4jkhhu9jeud8m,0.001,1642664214,0
cosmos1e9udkp078gy0ka2kg6puhtexak7j907tg0dcx7,0.001,1642670939,0
cosmos197a6us7p4tlazj69uvjjd3yfw9jkwaq9ykem32,0.001,1635000548,0
cosmos1tlkkxjwkjnfcmd4kqulaahmj8jd2qjh80twq0s,0.001,1635918358,0
cosmos133v398ychwsjmsltv8gpypp528jhur9ujfnpek,0.001,1642667964,0
cosmos1f8njhq6xkdaycp63z25ppqcu89jr7lhnhr768x,0.001,1634209210,0
cosmos1nnnqk37w0tfmpgwwt9vezlsrssa06sxuvzx4e5,0.001,1634044626,0
cosmos1slznscu9yh5ffft496r2ldfrpehmfv92hmrzn3,0.001,1643440473,0
cosmos194cdgnu9ka92v95we7e2hf0ke28jvaugfsqzj3,0.001,1630404022,0
cosmos1ryz9uys3s9u6rnv9kv4hccxhygy52kycknauez,0.001,1642655668,0
cosmos106xlh75t97heqzpr7m7lk06zyezd3ttc3s9y3w,0.001,1643508231,0
cosmos1663xdy6fx27mj2qu9vu95cqsdajjhr8ycmhv8w,0.001,1635349630,0
cosmos1wuqlen2r7fjcqq00799ammfjkx34kjtymrjnev,0.001,1634452538,0
cosmos1ld64y7vr7gst33wwruaww5xw8rswffu63w04lw,0.001,1642674079,0
cosmos1qr707llrtpwhgej6e5jy4dtvwgm2cj046etzs8,0.001,1633206939,0
cosmos170sh5zkyx7wdf52l0tq6c6n3avw7wyd078h6ps,0.001,1631610533,0
cosmos1hsxj8299fezyvctr8kgehnswk865wky280uass,0.001,1634282651,0
cosmos1lf6msfzmxrp4gqze7dslfhpx2nuagugzws54wq,0.001,1642661908,0
cosmos15rp96nnkmknhjhl7zarnnfwu8ec8zdn94unhzx,0.001,1642655917,0
cosmos1ngntjc7na0f0y0hhcc7dd758355uhm0j754q59,0.001,1634045061,0
cosmos1tmsxq5lp7vz953jva4c2ekxe3as26cm2k4rllv,0.001,1643999630,0
cosmos10t9xu9t5cfxncng0a8jecczrr7pgzpequgqnpf,0.001,1632123133,0
cosmos1lv9qhsqs93jk7c96dysw2yzgsvtvkdr6amyfxw,0.001,1635160362,0
cosmos1e3du24n0m8zakv8d9lt27ags8npplt83mtzeaa,0.001,1637840567,0
cosmos14fzj2plawrv4ryyr2zt8qg5n7n6qpcqpluxe7e,0.001,1634100040,0
cosmos1ygldqnhwz283rkgyqnyvxcmn4uewwl6uhhvql7,0.0005,1637681089,0
cosmos17wd40x799cjhh84zsz38tlqw4nefpcfwahp87t,0.000366,1645553918,0
cosmos1nlqjch4vk5npafs4jltx5mdp57fmue759kyunx,0.0003,1633545230,0
cosmos1u5kturlm89ne836ujh7yxsxjkplv6097f6f85a,0.0002,1632920901,0
cosmos15acmg3v3qhd26ktfzaj3k83vf5dyv5gqc7ms44,0.0002,1634170901,0
cosmos12u3292rp03lzqvf785epcg96e4ath0l4rpx6nl,0.0001,1631674826,0
cosmos1d064l2kt4799twkjg8druwmv5kh66yxhkunz7u,0.0001,1631792303,0
cosmos1t08fyn3n7gudtpkhsu4uuyw7mgz6dmx35d49sc,0.000083,1616298402,0
cosmos1vg4amj756g628vc0wgrp20vm2rxu8fpequxphj,0.000001,1643961053,0
cosmos1zms2n8dh337vedym65cxacv5xpxgyqlwmp0l8s,0.000001,1642820827,0
cosmos17vll5t2xkzpwe7yuuj6zu7apgggevxcwm46xcd,0.000001,1633950497,0
cosmos1zcmk4nqtq9uh7zthctamy4z2u22laz9gdwplfv,0.000001,1622114340,0
cosmos1xqnuyr65q2x6vmqjk5ljusyhctrg4gnhed7ze2,0.000001,1642408202,0
cosmos1mxfguxsv60a9cyphmddjwn6qwyahlj2v7le6n9,0.000001,1642642397,0
cosmos1dd75jwvfle226p92mr0vm9hzztnkdurs4cdpk2,0.000001,1643904929,0
cosmos1ayj2x5t9mf9gpee4e5qgys2vdc0zl08qhy872h,0.000001,1642820669,0
cosmos1nzkttl2dwsjmggytk9wyatueqpytcrry0fe0dd,0.000001,1632543873,0
cosmos1kqukkxyf807vegay2x588y9syd0643s4304cjp,0.000001,1642779973,0
cosmos137saa3sweerfw3tejumkl9zyl26wepk2rwhl78,0.000001,1617930357,0
